protocol,fold,model,sample_index,y_true,y_pred
CV,0,PLS,0,11.5,11.307486299347715
CV,0,PLS,9,14.4,13.196744726215066
CV,0,PLS,15,12.6,12.90710370353289
CV,0,PLS,17,14.3,12.659550787997535
CV,0,PLS,19,14.0,12.9287597278215
CV,0,PLS,22,16.0,13.091455631039354
CV,0,PLS,24,12.9,13.079423635253995
CV,0,PLS,25,10.9,12.763253327290737
CV,0,PLS,30,10.9,12.997244029949744
CV,0,PLS,33,13.1,11.637867862442441
CV,0,PLS,39,13.2,12.586702638660462
CV,0,PLS,42,10.8,10.687951221348616
CV,0,PLS,46,13.4,13.215686695390715
CV,0,PLS,55,14.3,13.400926784773564
CV,0,PLS,56,12.3,11.170639348078184
CV,0,PLS,57,10.9,11.286928541269068
CV,0,PLS,70,12.3,12.62311261324748
CV,0,PLS,72,12.5,12.007208547395479
CV,0,PLS,73,12.9,12.868138593417655
CV,0,PLS,75,12.7,12.603429533893387
CV,0,PLS,76,12.5,12.609861117989919
CV,0,PLS,77,12.8,12.416906793096262
CV,0,PLS,78,11.8,11.026429252396605
CV,0,PLS,79,15.2,13.435053661036964
CV,0,PLS,82,12.7,13.17654146546247
CV,0,PLS,90,11.7,11.600390015579828
CV,0,PLS,93,10.2,10.675515331095562
CV,0,PLS,94,10.7,11.623702871142854
CV,0,PLS,104,12.4,11.970453237149172
CV,0,PLS,113,12.1,11.514585495755831
CV,0,PLS,116,10.3,10.842771583619497
CV,0,PLS,124,8.1,10.444367352910024
CV,0,PLS,132,9.4,10.16548772483362
CV,0,PLS,137,9.9,9.86040002459969
CV,0,PLS,145,11.6,14.851574332326349
CV,0,PLS,148,12.8,12.59244464267392
CV,0,PLS,168,9.8,11.198995118090284
CV,0,PLS,172,13.0,12.371676871639146
CV,0,PLS,173,13.1,11.525411137550813
CV,0,PLS,175,11.7,13.553228292849685
CV,0,PLS,184,10.9,11.657379733011874
CV,0,PLS,192,9.8,9.727384534542644
CV,0,PLS,194,12.8,12.21426124488843
CV,0,PLS,196,12.3,10.836550320417498
CV,0,PLS,208,13.8,13.602135877028163
CV,0,PLS,218,11.8,13.446728158461177
CV,0,PLS,228,14.0,11.755565894545377
CV,0,PLS,231,9.2,9.64547232541734
CV,0,PLS,239,10.2,10.434306592273183
CV,0,PLS,247,10.9,11.541356296658424
CV,0,PLS,262,8.8,9.230266288955299
CV,0,PLS,266,8.3,9.293800919659432
CV,0,PLS,271,9.5,9.510083510229222
CV,0,PLS,272,9.4,7.365076727079222
CV,0,PLS,277,9.9,9.104961662090341
CV,0,PLS,278,9.6,9.09879474748216
CV,0,PLS,280,11.5,10.90894442692397
CV,0,PLS,284,12.5,12.557746010424191
CV,0,PLS,294,12.8,13.017749270019486
CV,0,PLS,296,12.0,12.623145448955785
CV,0,PLS,297,14.3,13.074196295965205
CV,0,PLS,317,12.2,12.397205190170098
CV,0,PLS,326,13.4,13.860073225296194
CV,0,PLS,329,11.4,10.179502392552848
CV,0,PLS,334,12.8,12.060288855185833
CV,0,PLS,337,10.9,11.459498016453782
CV,0,PLS,347,12.4,13.056297708749584
CV,0,PLS,353,12.9,13.075961100998953
CV,0,PLS,356,12.5,11.648609747427221
CV,0,PLS,362,12.7,14.069377176408878
CV,0,PLS,366,10.9,12.369699222185323
CV,0,PLS,367,13.1,12.73604920883167
CV,0,PLS,368,14.0,12.037865249412336
CV,0,PLS,369,12.5,11.165043059146129
CV,0,PLS,370,11.7,11.54694723000711
CV,0,PLS,375,10.4,11.182054542355374
CV,0,PLS,379,10.2,9.776498360136156
CV,0,PLS,399,8.9,10.231045029212947
CV,0,PLS,406,8.3,10.65141390369323
CV,0,PLS,408,9.5,6.661317243100532
CV,0,PLS,411,9.5,9.193078177244868
CV,0,PLS,412,9.4,9.464190591874214
CV,0,PLS,415,8.8,9.630735913480137
CV,0,PLS,416,11.0,10.224554610416732
CV,0,SVR,0,11.5,11.975493995942426
CV,0,SVR,9,14.4,12.52498918164179
CV,0,SVR,15,12.6,13.166178608328698
CV,0,SVR,17,14.3,12.1945888439105
CV,0,SVR,19,14.0,13.252676018805664
CV,0,SVR,22,16.0,12.43019700353494
CV,0,SVR,24,12.9,13.244305458602128
CV,0,SVR,25,10.9,11.903483858131207
CV,0,SVR,30,10.9,12.809735748648029
CV,0,SVR,33,13.1,11.297055957660548
CV,0,SVR,39,13.2,11.985023113421365
CV,0,SVR,42,10.8,11.481825632769104
CV,0,SVR,46,13.4,12.265197494297176
CV,0,SVR,55,14.3,12.976255995676256
CV,0,SVR,56,12.3,11.676142071347346
CV,0,SVR,57,10.9,11.891678671384094
CV,0,SVR,70,12.3,11.58696840367846
CV,0,SVR,72,12.5,12.904593247768803
CV,0,SVR,73,12.9,11.377330495515
CV,0,SVR,75,12.7,11.358454265924836
CV,0,SVR,76,12.5,12.186323171813479
CV,0,SVR,77,12.8,12.08626564018895
CV,0,SVR,78,11.8,12.00808493184201
CV,0,SVR,79,15.2,12.307274786679297
CV,0,SVR,82,12.7,11.017118643647823
CV,0,SVR,90,11.7,11.593906330856878
CV,0,SVR,93,10.2,10.952492867423164
CV,0,SVR,94,10.7,11.497006234770629
CV,0,SVR,104,12.4,11.573006691227329
CV,0,SVR,113,12.1,11.873967100377307
CV,0,SVR,116,10.3,10.03737495720732
CV,0,SVR,124,8.1,11.607816775542437
CV,0,SVR,132,9.4,9.578514601122547
CV,0,SVR,137,9.9,9.375751457839522
CV,0,SVR,145,11.6,10.84263059255872
CV,0,SVR,148,12.8,12.100442983978887
CV,0,SVR,168,9.8,12.16831398038029
CV,0,SVR,172,13.0,12.166561051879329
CV,0,SVR,173,13.1,11.188232470507986
CV,0,SVR,175,11.7,11.8106268994755
CV,0,SVR,184,10.9,11.339444725076678
CV,0,SVR,192,9.8,11.661365188272498
CV,0,SVR,194,12.8,12.9624791602858
CV,0,SVR,196,12.3,12.261183569061386
CV,0,SVR,208,13.8,12.195236161565022
CV,0,SVR,218,11.8,12.118458739552505
CV,0,SVR,228,14.0,11.16727016853255
CV,0,SVR,231,9.2,11.544736947513195
CV,0,SVR,239,10.2,11.4240906282184
CV,0,SVR,247,10.9,11.777281336827675
CV,0,SVR,262,8.8,10.320510317394486
CV,0,SVR,266,8.3,9.233780235924424
CV,0,SVR,271,9.5,10.653540745450837
CV,0,SVR,272,9.4,10.23916753040196
CV,0,SVR,277,9.9,8.71034075969338
CV,0,SVR,278,9.6,9.981559175431643
CV,0,SVR,280,11.5,11.700449603954763
CV,0,SVR,284,12.5,11.741786818483552
CV,0,SVR,294,12.8,12.22827280411518
CV,0,SVR,296,12.0,12.008620049070672
CV,0,SVR,297,14.3,12.845076272448544
CV,0,SVR,317,12.2,11.344576869751704
CV,0,SVR,326,13.4,12.505245165884464
CV,0,SVR,329,11.4,10.879816008796531
CV,0,SVR,334,12.8,12.32650198382871
CV,0,SVR,337,10.9,12.34843601082845
CV,0,SVR,347,12.4,12.340279494990636
CV,0,SVR,353,12.9,12.551167470719081
CV,0,SVR,356,12.5,12.728954954735661
CV,0,SVR,362,12.7,12.122034091345176
CV,0,SVR,366,10.9,10.991463107138973
CV,0,SVR,367,13.1,12.383838294800489
CV,0,SVR,368,14.0,11.631642671031722
CV,0,SVR,369,12.5,11.520939200926042
CV,0,SVR,370,11.7,11.822863470381163
CV,0,SVR,375,10.4,10.4879709774712
CV,0,SVR,379,10.2,11.60752795445703
CV,0,SVR,399,8.9,10.683746005650466
CV,0,SVR,406,8.3,12.39651045473842
CV,0,SVR,408,9.5,8.879513944038408
CV,0,SVR,411,9.5,11.077587042625797
CV,0,SVR,412,9.4,11.452878965311337
CV,0,SVR,415,8.8,11.208958739738897
CV,0,SVR,416,11.0,10.59013355620554
CV,0,MPHNN,0,11.5,11.373885154724121
CV,0,MPHNN,9,14.4,12.772234916687012
CV,0,MPHNN,15,12.6,12.996825218200684
CV,0,MPHNN,17,14.3,11.801862716674805
CV,0,MPHNN,19,14.0,12.607598304748535
CV,0,MPHNN,22,16.0,12.192344665527344
CV,0,MPHNN,24,12.9,12.957510948181152
CV,0,MPHNN,25,10.9,11.341618537902832
CV,0,MPHNN,30,10.9,12.113968849182129
CV,0,MPHNN,33,13.1,11.06973648071289
CV,0,MPHNN,39,13.2,12.02448558807373
CV,0,MPHNN,42,10.8,11.290614128112793
CV,0,MPHNN,46,13.4,11.952461242675781
CV,0,MPHNN,55,14.3,11.99973201751709
CV,0,MPHNN,56,12.3,11.089465141296387
CV,0,MPHNN,57,10.9,11.04398250579834
CV,0,MPHNN,70,12.3,11.559378623962402
CV,0,MPHNN,72,12.5,12.96297550201416
CV,0,MPHNN,73,12.9,11.092331886291504
CV,0,MPHNN,75,12.7,10.958181381225586
CV,0,MPHNN,76,12.5,12.198018074035645
CV,0,MPHNN,77,12.8,11.998862266540527
CV,0,MPHNN,78,11.8,11.612483978271484
CV,0,MPHNN,79,15.2,11.887547492980957
CV,0,MPHNN,82,12.7,10.726592063903809
CV,0,MPHNN,90,11.7,11.715579986572266
CV,0,MPHNN,93,10.2,10.951946258544922
CV,0,MPHNN,94,10.7,11.314251899719238
CV,0,MPHNN,104,12.4,10.49105167388916
CV,0,MPHNN,113,12.1,11.33471965789795
CV,0,MPHNN,116,10.3,9.380033493041992
CV,0,MPHNN,124,8.1,10.70907211303711
CV,0,MPHNN,132,9.4,9.11584186553955
CV,0,MPHNN,137,9.9,8.77497386932373
CV,0,MPHNN,145,11.6,10.205748558044434
CV,0,MPHNN,148,12.8,11.345992088317871
CV,0,MPHNN,168,9.8,12.103377342224121
CV,0,MPHNN,172,13.0,11.86146354675293
CV,0,MPHNN,173,13.1,11.118427276611328
CV,0,MPHNN,175,11.7,11.06659984588623
CV,0,MPHNN,184,10.9,11.674038887023926
CV,0,MPHNN,192,9.8,11.21385669708252
CV,0,MPHNN,194,12.8,11.800661087036133
CV,0,MPHNN,196,12.3,11.395081520080566
CV,0,MPHNN,208,13.8,12.034598350524902
CV,0,MPHNN,218,11.8,11.784394264221191
CV,0,MPHNN,228,14.0,11.10642147064209
CV,0,MPHNN,231,9.2,11.935136795043945
CV,0,MPHNN,239,10.2,12.038945198059082
CV,0,MPHNN,247,10.9,10.948014259338379
CV,0,MPHNN,262,8.8,9.736640930175781
CV,0,MPHNN,266,8.3,9.13791561126709
CV,0,MPHNN,271,9.5,10.771345138549805
CV,0,MPHNN,272,9.4,9.543946266174316
CV,0,MPHNN,277,9.9,8.3606538772583
CV,0,MPHNN,278,9.6,9.459284782409668
CV,0,MPHNN,280,11.5,11.23363971710205
CV,0,MPHNN,284,12.5,11.066973686218262
CV,0,MPHNN,294,12.8,11.490943908691406
CV,0,MPHNN,296,12.0,11.828977584838867
CV,0,MPHNN,297,14.3,12.327448844909668
CV,0,MPHNN,317,12.2,11.1995210647583
CV,0,MPHNN,326,13.4,12.183027267456055
CV,0,MPHNN,329,11.4,11.096234321594238
CV,0,MPHNN,334,12.8,11.352027893066406
CV,0,MPHNN,337,10.9,11.44981575012207
CV,0,MPHNN,347,12.4,12.141282081604004
CV,0,MPHNN,353,12.9,11.29382038116455
CV,0,MPHNN,356,12.5,12.255106925964355
CV,0,MPHNN,362,12.7,12.42843246459961
CV,0,MPHNN,366,10.9,9.837480545043945
CV,0,MPHNN,367,13.1,12.18433666229248
CV,0,MPHNN,368,14.0,10.938176155090332
CV,0,MPHNN,369,12.5,11.17322063446045
CV,0,MPHNN,370,11.7,12.025191307067871
CV,0,MPHNN,375,10.4,11.402958869934082
CV,0,MPHNN,379,10.2,11.916982650756836
CV,0,MPHNN,399,8.9,10.022260665893555
CV,0,MPHNN,406,8.3,12.390632629394531
CV,0,MPHNN,408,9.5,8.731021881103516
CV,0,MPHNN,411,9.5,10.801667213439941
CV,0,MPHNN,412,9.4,10.982613563537598
CV,0,MPHNN,415,8.8,11.512269020080566
CV,0,MPHNN,416,11.0,10.24657917022705
CV,0,ENSEMBLE,0,11.5,11.582697159405479
CV,0,ENSEMBLE,9,14.4,12.738710702595629
CV,0,ENSEMBLE,15,12.6,12.872466001780266
CV,0,ENSEMBLE,17,14.3,12.167912958243852
CV,0,ENSEMBLE,19,14.0,12.778138534723041
CV,0,ENSEMBLE,22,16.0,12.55386008366862
CV,0,ENSEMBLE,24,12.9,13.042325411966537
CV,0,ENSEMBLE,25,10.9,12.12299101837704
CV,0,ENSEMBLE,30,10.9,12.506511834272654
CV,0,ENSEMBLE,33,13.1,11.562557290210647
CV,0,ENSEMBLE,39,13.2,12.086949758245527
CV,0,ENSEMBLE,42,10.8,11.34214366995071
CV,0,ENSEMBLE,46,13.4,12.296569192420822
CV,0,ENSEMBLE,55,14.3,12.488062071557742
CV,0,ENSEMBLE,56,12.3,11.369110666370013
CV,0,ENSEMBLE,57,10.9,11.387371490914077
CV,0,ENSEMBLE,70,12.3,11.824366509778947
CV,0,ENSEMBLE,72,12.5,12.381451684225812
CV,0,ENSEMBLE,73,12.9,11.7444378677246
CV,0,ENSEMBLE,75,12.7,11.435498197536141
CV,0,ENSEMBLE,76,12.5,11.988948689493085
CV,0,ENSEMBLE,77,12.8,11.874359157752066
CV,0,ENSEMBLE,78,11.8,11.033176813218702
CV,0,ENSEMBLE,79,15.2,12.36902999404963
CV,0,ENSEMBLE,82,12.7,11.27805771486992
CV,0,ENSEMBLE,90,11.7,11.343568273851943
CV,0,ENSEMBLE,93,10.2,10.81591793623287
CV,0,ENSEMBLE,94,10.7,11.286687653880666
CV,0,ENSEMBLE,104,12.4,11.466562966880641
CV,0,ENSEMBLE,113,12.1,11.770179681344874
CV,0,ENSEMBLE,116,10.3,10.431699573706746
CV,0,ENSEMBLE,124,8.1,10.89549255250791
CV,0,ENSEMBLE,132,9.4,9.453372069242475
CV,0,ENSEMBLE,137,9.9,9.80440843124715
CV,0,ENSEMBLE,145,11.6,11.23848966914766
CV,0,ENSEMBLE,148,12.8,12.118564372691697
CV,0,ENSEMBLE,168,9.8,12.003940437294112
CV,0,ENSEMBLE,172,13.0,12.353559251799764
CV,0,ENSEMBLE,173,13.1,11.225595286456546
CV,0,ENSEMBLE,175,11.7,11.94761655674782
CV,0,ENSEMBLE,184,10.9,11.589933934142355
CV,0,ENSEMBLE,192,9.8,11.043707338129586
CV,0,ENSEMBLE,194,12.8,11.916250686948084
CV,0,ENSEMBLE,196,12.3,11.436820491348698
CV,0,ENSEMBLE,208,13.8,12.380506208604984
CV,0,ENSEMBLE,218,11.8,12.300837480280276
CV,0,ENSEMBLE,228,14.0,10.801622625081631
CV,0,ENSEMBLE,231,9.2,10.8978816926235
CV,0,ENSEMBLE,239,10.2,10.925364889071417
CV,0,ENSEMBLE,247,10.9,11.788249905010762
CV,0,ENSEMBLE,262,8.8,10.10635024013736
CV,0,ENSEMBLE,266,8.3,9.295141668393768
CV,0,ENSEMBLE,271,9.5,10.410868145612394
CV,0,ENSEMBLE,272,9.4,9.608607560468029
CV,0,ENSEMBLE,277,9.9,8.823504574757429
CV,0,ENSEMBLE,278,9.6,9.80515927144049
CV,0,ENSEMBLE,280,11.5,11.46142265696681
CV,0,ENSEMBLE,284,12.5,11.621469160640345
CV,0,ENSEMBLE,294,12.8,12.30165411872387
CV,0,ENSEMBLE,296,12.0,12.144006396419533
CV,0,ENSEMBLE,297,14.3,12.550976351117667
CV,0,ENSEMBLE,317,12.2,11.515126715125344
CV,0,ENSEMBLE,326,13.4,12.54142199492398
CV,0,ENSEMBLE,329,11.4,10.612915460842396
CV,0,ENSEMBLE,334,12.8,11.798332837950763
CV,0,ENSEMBLE,337,10.9,11.439870938457261
CV,0,ENSEMBLE,347,12.4,12.367296008920343
CV,0,ENSEMBLE,353,12.9,12.087061401327967
CV,0,ENSEMBLE,356,12.5,12.17591668940432
CV,0,ENSEMBLE,362,12.7,12.270599379666308
CV,0,ENSEMBLE,366,10.9,10.85813622166879
CV,0,ENSEMBLE,367,13.1,12.32487644201187
CV,0,ENSEMBLE,368,14.0,11.152417152108386
CV,0,ENSEMBLE,369,12.5,10.934786728118368
CV,0,ENSEMBLE,370,11.7,11.651325246579065
CV,0,ENSEMBLE,375,10.4,10.945450947077942
CV,0,ENSEMBLE,379,10.2,10.900837564052283
CV,0,ENSEMBLE,399,8.9,10.587490817096082
CV,0,ENSEMBLE,406,8.3,11.742648492542425
CV,0,ENSEMBLE,408,9.5,8.08343829470885
CV,0,ENSEMBLE,411,9.5,10.109654525188134
CV,0,ENSEMBLE,412,9.4,11.041961132677304
CV,0,ENSEMBLE,415,8.8,10.866192144834013
CV,0,ENSEMBLE,416,11.0,10.386400079272187
CV,1,PLS,3,12.9,12.886837457483274
CV,1,PLS,5,11.6,12.748852504789413
CV,1,PLS,7,12.7,12.485146862946909
CV,1,PLS,16,12.0,13.118002884276498
CV,1,PLS,18,16.1,13.951966801427204
CV,1,PLS,26,15.0,13.496226247292775
CV,1,PLS,29,10.1,12.45787261826636
CV,1,PLS,31,11.1,13.253156381276579
CV,1,PLS,36,11.6,12.82673674804952
CV,1,PLS,45,10.7,11.93598603819688
CV,1,PLS,59,11.0,10.665159018462074
CV,1,PLS,60,9.3,10.923665380504353
CV,1,PLS,63,14.8,13.413569684166122
CV,1,PLS,66,12.0,13.052604893813452
CV,1,PLS,74,13.6,12.90084381098543
CV,1,PLS,83,12.6,12.137492690458298
CV,1,PLS,84,12.9,12.11949387185187
CV,1,PLS,101,10.6,11.110716465194585
CV,1,PLS,108,9.4,11.621640182583068
CV,1,PLS,109,10.7,11.584668588948603
CV,1,PLS,110,11.9,11.314526743231479
CV,1,PLS,111,10.8,10.943569336047606
CV,1,PLS,114,10.5,10.731358867679203
CV,1,PLS,118,10.7,10.452165681460064
CV,1,PLS,119,8.9,11.344055400727694
CV,1,PLS,126,8.3,9.526794381592431
CV,1,PLS,131,9.5,9.699101139867187
CV,1,PLS,139,10.2,11.550301764649292
CV,1,PLS,140,11.5,13.271714456474925
CV,1,PLS,141,11.8,11.780478108109824
CV,1,PLS,152,12.2,13.02381977095273
CV,1,PLS,153,14.9,12.240222997107962
CV,1,PLS,154,12.8,12.700042851675262
CV,1,PLS,155,12.6,12.775778040990525
CV,1,PLS,157,14.3,12.974251164272227
CV,1,PLS,165,10.9,12.351094238516904
CV,1,PLS,176,11.6,12.790820089923686
CV,1,PLS,177,12.2,10.311969885160915
CV,1,PLS,180,11.4,10.820653497561793
CV,1,PLS,181,13.3,13.018328370373197
CV,1,PLS,193,11.5,10.98629142364245
CV,1,PLS,199,11.0,12.272903576215386
CV,1,PLS,203,14.8,13.706876692275506
CV,1,PLS,204,13.8,13.421947372872223
CV,1,PLS,209,13.2,12.889650743838887
CV,1,PLS,210,12.3,13.07407383967814
CV,1,PLS,211,12.6,11.214138398234226
CV,1,PLS,222,12.7,11.905014871911536
CV,1,PLS,225,14.6,12.949682394838689
CV,1,PLS,238,12.8,10.488739581271545
CV,1,PLS,246,10.6,11.130334402464912
CV,1,PLS,248,9.4,10.307504377467437
CV,1,PLS,249,10.7,11.424637074463066
CV,1,PLS,265,7.6,9.987070429180177
CV,1,PLS,268,9.5,8.224799967024385
CV,1,PLS,281,11.8,13.483864291331876
CV,1,PLS,289,14.4,12.425553787945688
CV,1,PLS,290,16.6,12.915572269817776
CV,1,PLS,298,16.1,12.795263974778106
CV,1,PLS,301,14.8,12.641756138704828
CV,1,PLS,302,16.0,13.52104148203815
CV,1,PLS,310,10.9,12.27316933992323
CV,1,PLS,311,11.1,13.219863255616612
CV,1,PLS,312,13.0,12.928095554772522
CV,1,PLS,323,11.4,13.166833120178653
CV,1,PLS,325,10.7,12.356252607722618
CV,1,PLS,332,9.8,12.284578461971899
CV,1,PLS,333,11.5,11.551696322614397
CV,1,PLS,338,13.2,12.334215916993912
CV,1,PLS,346,12.0,11.273759160608062
CV,1,PLS,350,12.3,13.224046201685491
CV,1,PLS,351,12.6,13.452307127078338
CV,1,PLS,358,11.8,10.969487950124327
CV,1,PLS,361,13.9,13.042697747963418
CV,1,PLS,371,9.2,11.213270511075951
CV,1,PLS,373,10.2,11.162876958380538
CV,1,PLS,377,11.5,11.400355755385027
CV,1,PLS,378,12.8,10.511044073221985
CV,1,PLS,382,10.7,11.183770243503771
CV,1,PLS,388,9.4,10.995771031017636
CV,1,PLS,391,10.8,11.109881803095998
CV,1,PLS,392,9.5,11.023393234082553
CV,1,PLS,393,12.1,11.52062499768387
CV,1,PLS,402,8.8,9.99884727274817
CV,1,SVR,3,12.9,12.461811621327216
CV,1,SVR,5,11.6,12.340526009512276
CV,1,SVR,7,12.7,11.400973145769509
CV,1,SVR,16,12.0,11.993956745425084
CV,1,SVR,18,16.1,12.404865465729857
CV,1,SVR,26,15.0,12.788139610565135
CV,1,SVR,29,10.1,12.377055572514642
CV,1,SVR,31,11.1,12.043728328485145
CV,1,SVR,36,11.6,11.773243519035862
CV,1,SVR,45,10.7,12.029341497940042
CV,1,SVR,59,11.0,11.37622998799932
CV,1,SVR,60,9.3,12.612825519192565
CV,1,SVR,63,14.8,12.227282361919462
CV,1,SVR,66,12.0,12.033625849667084
CV,1,SVR,74,13.6,12.167647870719524
CV,1,SVR,83,12.6,12.382641170607316
CV,1,SVR,84,12.9,11.412359666603585
CV,1,SVR,101,10.6,11.69176185475382
CV,1,SVR,108,9.4,11.165476397584472
CV,1,SVR,109,10.7,10.9571559943337
CV,1,SVR,110,11.9,11.75387569635608
CV,1,SVR,111,10.8,11.705173976336038
CV,1,SVR,114,10.5,11.217394337725063
CV,1,SVR,118,10.7,11.823719526323094
CV,1,SVR,119,8.9,11.533433319266091
CV,1,SVR,126,8.3,10.327177861329703
CV,1,SVR,131,9.5,10.77740818095109
CV,1,SVR,139,10.2,11.067721592744451
CV,1,SVR,140,11.5,13.493568299295003
CV,1,SVR,141,11.8,12.239253421423449
CV,1,SVR,152,12.2,12.811123584599272
CV,1,SVR,153,14.9,11.447019458155724
CV,1,SVR,154,12.8,12.028657310171514
CV,1,SVR,155,12.6,12.634893378039518
CV,1,SVR,157,14.3,12.673539596867776
CV,1,SVR,165,10.9,12.333480992558995
CV,1,SVR,176,11.6,11.769750204413732
CV,1,SVR,177,12.2,10.35761348610357
CV,1,SVR,180,11.4,11.558345174366485
CV,1,SVR,181,13.3,12.823314800537656
CV,1,SVR,193,11.5,11.755991125350114
CV,1,SVR,199,11.0,12.721060341949928
CV,1,SVR,203,14.8,12.77155883121632
CV,1,SVR,204,13.8,12.324244132629289
CV,1,SVR,209,13.2,12.947171944907698
CV,1,SVR,210,12.3,13.150724091058535
CV,1,SVR,211,12.6,11.904642457766899
CV,1,SVR,222,12.7,11.949097451360746
CV,1,SVR,225,14.6,12.39068097278022
CV,1,SVR,238,12.8,10.950256395001869
CV,1,SVR,246,10.6,11.5554064004844
CV,1,SVR,248,9.4,10.273442319613121
CV,1,SVR,249,10.7,9.967166258045202
CV,1,SVR,265,7.6,9.956613987905987
CV,1,SVR,268,9.5,9.810689722450643
CV,1,SVR,281,11.8,12.29669329610859
CV,1,SVR,289,14.4,12.011323031250893
CV,1,SVR,290,16.6,12.379268037829661
CV,1,SVR,298,16.1,11.934891916913172
CV,1,SVR,301,14.8,12.267927371281582
CV,1,SVR,302,16.0,13.127807931369466
CV,1,SVR,310,10.9,12.166082843187324
CV,1,SVR,311,11.1,12.723524842452163
CV,1,SVR,312,13.0,11.840277470144294
CV,1,SVR,323,11.4,12.372917425505886
CV,1,SVR,325,10.7,12.054718242023892
CV,1,SVR,332,9.8,12.99124799317255
CV,1,SVR,333,11.5,11.61225217632793
CV,1,SVR,338,13.2,12.174755092798815
CV,1,SVR,346,12.0,11.868888184403842
CV,1,SVR,350,12.3,13.253309099594556
CV,1,SVR,351,12.6,13.518808803749096
CV,1,SVR,358,11.8,11.55640164767419
CV,1,SVR,361,13.9,12.201073450378882
CV,1,SVR,371,9.2,11.048138737077856
CV,1,SVR,373,10.2,11.562174051759769
CV,1,SVR,377,11.5,10.912682789075593
CV,1,SVR,378,12.8,11.370862317479089
CV,1,SVR,382,10.7,12.037945165133324
CV,1,SVR,388,9.4,10.818694957213932
CV,1,SVR,391,10.8,12.546486127869464
CV,1,SVR,392,9.5,11.82537005150627
CV,1,SVR,393,12.1,11.352534938374188
CV,1,SVR,402,8.8,10.74751672158462
CV,1,MPHNN,3,12.9,12.3689546585083
CV,1,MPHNN,5,11.6,12.397322654724121
CV,1,MPHNN,7,12.7,12.329974174499512
CV,1,MPHNN,16,12.0,11.861886024475098
CV,1,MPHNN,18,16.1,12.351786613464355
CV,1,MPHNN,26,15.0,12.007094383239746
CV,1,MPHNN,29,10.1,12.902039527893066
CV,1,MPHNN,31,11.1,11.798816680908203
CV,1,MPHNN,36,11.6,11.757966041564941
CV,1,MPHNN,45,10.7,11.847493171691895
CV,1,MPHNN,59,11.0,12.049169540405273
CV,1,MPHNN,60,9.3,12.326483726501465
CV,1,MPHNN,63,14.8,11.601153373718262
CV,1,MPHNN,66,12.0,12.55776309967041
CV,1,MPHNN,74,13.6,12.169535636901855
CV,1,MPHNN,83,12.6,12.752537727355957
CV,1,MPHNN,84,12.9,11.766093254089355
CV,1,MPHNN,101,10.6,12.819462776184082
CV,1,MPHNN,108,9.4,11.785666465759277
CV,1,MPHNN,109,10.7,10.482407569885254
CV,1,MPHNN,110,11.9,11.369187355041504
CV,1,MPHNN,111,10.8,12.113387107849121
CV,1,MPHNN,114,10.5,11.612354278564453
CV,1,MPHNN,118,10.7,12.121786117553711
CV,1,MPHNN,119,8.9,11.956511497497559
CV,1,MPHNN,126,8.3,11.549759864807129
CV,1,MPHNN,131,9.5,10.781890869140625
CV,1,MPHNN,139,10.2,11.140012741088867
CV,1,MPHNN,140,11.5,13.122405052185059
CV,1,MPHNN,141,11.8,11.941495895385742
CV,1,MPHNN,152,12.2,12.440692901611328
CV,1,MPHNN,153,14.9,12.36776065826416
CV,1,MPHNN,154,12.8,12.441136360168457
CV,1,MPHNN,155,12.6,12.180899620056152
CV,1,MPHNN,157,14.3,12.074661254882812
CV,1,MPHNN,165,10.9,11.91821575164795
CV,1,MPHNN,176,11.6,11.75473690032959
CV,1,MPHNN,177,12.2,11.334662437438965
CV,1,MPHNN,180,11.4,11.059566497802734
CV,1,MPHNN,181,13.3,11.695884704589844
CV,1,MPHNN,193,11.5,11.771538734436035
CV,1,MPHNN,199,11.0,12.528218269348145
CV,1,MPHNN,203,14.8,12.28546142578125
CV,1,MPHNN,204,13.8,12.208634376525879
CV,1,MPHNN,209,13.2,12.66744613647461
CV,1,MPHNN,210,12.3,12.999075889587402
CV,1,MPHNN,211,12.6,12.612296104431152
CV,1,MPHNN,222,12.7,12.38308334350586
CV,1,MPHNN,225,14.6,11.976243019104004
CV,1,MPHNN,238,12.8,12.619406700134277
CV,1,MPHNN,246,10.6,12.453591346740723
CV,1,MPHNN,248,9.4,11.401342391967773
CV,1,MPHNN,249,10.7,10.304657936096191
CV,1,MPHNN,265,7.6,11.88160228729248
CV,1,MPHNN,268,9.5,9.434208869934082
CV,1,MPHNN,281,11.8,12.086236000061035
CV,1,MPHNN,289,14.4,12.487227439880371
CV,1,MPHNN,290,16.6,12.498141288757324
CV,1,MPHNN,298,16.1,12.412821769714355
CV,1,MPHNN,301,14.8,12.454721450805664
CV,1,MPHNN,302,16.0,12.334065437316895
CV,1,MPHNN,310,10.9,12.275799751281738
CV,1,MPHNN,311,11.1,12.08318042755127
CV,1,MPHNN,312,13.0,12.332228660583496
CV,1,MPHNN,323,11.4,12.43957233428955
CV,1,MPHNN,325,10.7,12.511027336120605
CV,1,MPHNN,332,9.8,12.758259773254395
CV,1,MPHNN,333,11.5,12.047501564025879
CV,1,MPHNN,338,13.2,11.997937202453613
CV,1,MPHNN,346,12.0,12.019745826721191
CV,1,MPHNN,350,12.3,12.338406562805176
CV,1,MPHNN,351,12.6,12.950265884399414
CV,1,MPHNN,358,11.8,11.921843528747559
CV,1,MPHNN,361,13.9,12.393917083740234
CV,1,MPHNN,371,9.2,11.561053276062012
CV,1,MPHNN,373,10.2,12.206038475036621
CV,1,MPHNN,377,11.5,11.243260383605957
CV,1,MPHNN,378,12.8,12.173665046691895
CV,1,MPHNN,382,10.7,12.905322074890137
CV,1,MPHNN,388,9.4,11.094853401184082
CV,1,MPHNN,391,10.8,11.479048728942871
CV,1,MPHNN,392,9.5,12.063024520874023
CV,1,MPHNN,393,12.1,11.975436210632324
CV,1,MPHNN,402,8.8,11.304015159606934
CV,1,ENSEMBLE,3,12.9,12.46086302408736
CV,1,ENSEMBLE,5,11.6,12.738196527269942
CV,1,ENSEMBLE,7,12.7,12.230189634628
CV,1,ENSEMBLE,16,12.0,12.419962837078288
CV,1,ENSEMBLE,18,16.1,12.774701949600743
CV,1,ENSEMBLE,26,15.0,12.641379064997999
CV,1,ENSEMBLE,29,10.1,12.094254322952683
CV,1,ENSEMBLE,31,11.1,12.03462766063901
CV,1,ENSEMBLE,36,11.6,11.93440496964487
CV,1,ENSEMBLE,45,10.7,12.043519801811314
CV,1,ENSEMBLE,59,11.0,11.498387013978896
CV,1,ENSEMBLE,60,9.3,11.810876663227088
CV,1,ENSEMBLE,63,14.8,12.390886928485713
CV,1,ENSEMBLE,66,12.0,12.621823978139457
CV,1,ENSEMBLE,74,13.6,12.298295376057947
CV,1,ENSEMBLE,83,12.6,12.472643696612927
CV,1,ENSEMBLE,84,12.9,11.81336542288973
CV,1,ENSEMBLE,101,10.6,11.626271711982746
CV,1,ENSEMBLE,108,9.4,11.034645283082158
CV,1,ENSEMBLE,109,10.7,11.037897720838966
CV,1,ENSEMBLE,110,11.9,11.52900432415268
CV,1,ENSEMBLE,111,10.8,11.19565432492649
CV,1,ENSEMBLE,114,10.5,10.703846439668425
CV,1,ENSEMBLE,118,10.7,11.26423695479064
CV,1,ENSEMBLE,119,8.9,11.064605718301548
CV,1,ENSEMBLE,126,8.3,9.596886594998555
CV,1,ENSEMBLE,131,9.5,10.181867093961472
CV,1,ENSEMBLE,139,10.2,11.030843747583186
CV,1,ENSEMBLE,140,11.5,13.147867192607169
CV,1,ENSEMBLE,141,11.8,12.25953970365082
CV,1,ENSEMBLE,152,12.2,12.802867045574502
CV,1,ENSEMBLE,153,14.9,12.17202035245766
CV,1,ENSEMBLE,154,12.8,12.390707851091852
CV,1,ENSEMBLE,155,12.6,12.444685704312189
CV,1,ENSEMBLE,157,14.3,12.7287212204658
CV,1,ENSEMBLE,165,10.9,12.363503063109153
CV,1,ENSEMBLE,176,11.6,11.937894490914456
CV,1,ENSEMBLE,177,12.2,10.770836779538053
CV,1,ENSEMBLE,180,11.4,11.018858069912081
CV,1,ENSEMBLE,181,13.3,12.510276699545404
CV,1,ENSEMBLE,193,11.5,11.495074185673461
CV,1,ENSEMBLE,199,11.0,12.491034500298728
CV,1,ENSEMBLE,203,14.8,12.811079660257526
CV,1,ENSEMBLE,204,13.8,12.29807658438666
CV,1,ENSEMBLE,209,13.2,12.572135902894859
CV,1,ENSEMBLE,210,12.3,13.066976762554177
CV,1,ENSEMBLE,211,12.6,11.957777801629483
CV,1,ENSEMBLE,222,12.7,12.314078819410271
CV,1,ENSEMBLE,225,14.6,12.032151291329773
CV,1,ENSEMBLE,238,12.8,11.546718098478411
CV,1,ENSEMBLE,246,10.6,11.100394295218416
CV,1,ENSEMBLE,248,9.4,10.33030430385227
CV,1,ENSEMBLE,249,10.7,10.587626663583023
CV,1,ENSEMBLE,265,7.6,9.985739820345506
CV,1,ENSEMBLE,268,9.5,8.545777710549027
CV,1,ENSEMBLE,281,11.8,12.114457255122982
CV,1,ENSEMBLE,289,14.4,12.048524508051859
CV,1,ENSEMBLE,290,16.6,12.454585654108506
CV,1,ENSEMBLE,298,16.1,12.437438136442534
CV,1,ENSEMBLE,301,14.8,12.544142764239206
CV,1,ENSEMBLE,302,16.0,13.133568233620657
CV,1,ENSEMBLE,310,10.9,12.21922760151205
CV,1,ENSEMBLE,311,11.1,12.359949945243443
CV,1,ENSEMBLE,312,13.0,12.14358209375994
CV,1,ENSEMBLE,323,11.4,12.168901452608399
CV,1,ENSEMBLE,325,10.7,12.137679534453774
CV,1,ENSEMBLE,332,9.8,12.40959318211867
CV,1,ENSEMBLE,333,11.5,11.39581520522275
CV,1,ENSEMBLE,338,13.2,11.919533927062197
CV,1,ENSEMBLE,346,12.0,11.82567291933449
CV,1,ENSEMBLE,350,12.3,12.56012589986343
CV,1,ENSEMBLE,351,12.6,13.201775365133855
CV,1,ENSEMBLE,358,11.8,11.527994246609765
CV,1,ENSEMBLE,361,13.9,12.33231472315055
CV,1,ENSEMBLE,371,9.2,11.291237429642013
CV,1,ENSEMBLE,373,10.2,11.837751376997572
CV,1,ENSEMBLE,377,11.5,11.399043736014287
CV,1,ENSEMBLE,378,12.8,10.975653741773336
CV,1,ENSEMBLE,382,10.7,11.74426279993077
CV,1,ENSEMBLE,388,9.4,10.850314978480203
CV,1,ENSEMBLE,391,10.8,11.336080370715885
CV,1,ENSEMBLE,392,9.5,11.52125516663664
CV,1,ENSEMBLE,393,12.1,11.236155075161895
CV,1,ENSEMBLE,402,8.8,10.118472473343601
CV,2,PLS,2,11.3,12.738886760907963
CV,2,PLS,6,12.5,12.787350017533713
CV,2,PLS,10,16.6,13.381915699032437
CV,2,PLS,11,12.1,12.234767079915356
CV,2,PLS,23,12.0,12.852443601123266
CV,2,PLS,37,12.2,13.001223111067569
CV,2,PLS,38,11.8,12.410999262122854
CV,2,PLS,67,12.4,12.661409781869407
CV,2,PLS,68,13.8,12.746370121554795
CV,2,PLS,69,13.2,12.856598601561213
CV,2,PLS,81,13.9,13.06953688071918
CV,2,PLS,86,10.9,9.293878318904145
CV,2,PLS,89,12.5,9.70414140567515
CV,2,PLS,92,10.4,9.063449259862697
CV,2,PLS,96,11.6,10.962130263218297
CV,2,PLS,97,11.5,10.451737164005404
CV,2,PLS,103,9.0,12.360536542967893
CV,2,PLS,112,9.5,11.16613948945884
CV,2,PLS,117,11.1,10.77538824942061
CV,2,PLS,122,8.8,10.478710607146505
CV,2,PLS,123,8.0,10.098368518893771
CV,2,PLS,125,7.6,10.250028663378906
CV,2,PLS,129,10.0,10.002225271122379
CV,2,PLS,143,12.9,13.344944011286968
CV,2,PLS,144,12.5,12.071402428294299
CV,2,PLS,146,12.5,13.895597501714795
CV,2,PLS,147,12.7,12.517085357535628
CV,2,PLS,150,16.6,12.692688658545029
CV,2,PLS,158,16.1,13.777945465035094
CV,2,PLS,163,12.0,13.506801729034219
CV,2,PLS,167,10.8,12.318811741842302
CV,2,PLS,179,13.2,12.073246603378518
CV,2,PLS,182,10.8,13.297559656485596
CV,2,PLS,183,11.4,11.89803185333341
CV,2,PLS,185,10.7,11.473855503707465
CV,2,PLS,195,14.3,12.059656296046732
CV,2,PLS,198,13.2,10.56424069709139
CV,2,PLS,202,11.5,12.4538407127142
CV,2,PLS,219,15.2,13.125287245114515
CV,2,PLS,220,12.3,12.394194424336664
CV,2,PLS,223,12.6,11.871653168686485
CV,2,PLS,227,13.1,12.161316719437513
CV,2,PLS,229,12.5,10.929849505033129
CV,2,PLS,233,10.2,11.339975107387875
CV,2,PLS,234,10.7,10.462688149054141
CV,2,PLS,237,11.5,10.470303439235344
CV,2,PLS,244,12.4,13.035349017178705
CV,2,PLS,245,11.3,11.871092933157517
CV,2,PLS,250,11.9,11.604912342274835
CV,2,PLS,253,12.1,11.627173639799953
CV,2,PLS,255,9.7,11.1450980238586
CV,2,PLS,258,10.7,7.444192908776563
CV,2,PLS,274,9.5,9.594663003867224
CV,2,PLS,275,8.8,10.483735417964262
CV,2,PLS,285,11.6,12.936290742716036
CV,2,PLS,286,12.5,12.257026541475787
CV,2,PLS,287,12.7,12.11106793099978
CV,2,PLS,291,12.1,12.252496801915592
CV,2,PLS,299,14.0,12.380239148290306
CV,2,PLS,304,12.9,13.292265045865141
CV,2,PLS,305,10.9,12.760173746771809
CV,2,PLS,307,10.8,11.592048584273586
CV,2,PLS,320,11.4,12.054730107056955
CV,2,PLS,321,13.3,11.734576759259497
CV,2,PLS,324,10.9,13.019542010571076
CV,2,PLS,327,11.6,10.896853136897366
CV,2,PLS,331,10.0,10.66986672171331
CV,2,PLS,335,14.3,12.940954516276516
CV,2,PLS,342,11.5,12.987066845964943
CV,2,PLS,352,12.5,12.01737924406381
CV,2,PLS,354,13.6,12.430603796404643
CV,2,PLS,355,12.7,12.09537007618591
CV,2,PLS,360,12.3,12.664413419209714
CV,2,PLS,365,14.6,12.785063089684305
CV,2,PLS,387,10.9,12.020090839530226
CV,2,PLS,389,10.7,11.338203051983221
CV,2,PLS,390,11.9,11.17282422019761
CV,2,PLS,394,10.5,11.034487023389541
CV,2,PLS,395,9.7,10.16053783482307
CV,2,PLS,396,10.3,10.86531669592013
CV,2,PLS,398,10.7,11.523121040419138
CV,2,PLS,400,7.3,11.00200696897204
CV,2,PLS,404,8.1,10.060183706887221
CV,2,PLS,414,9.5,9.809856074381173
CV,2,SVR,2,11.3,12.075643767867168
CV,2,SVR,6,12.5,12.060923874593874
CV,2,SVR,10,16.6,12.75819133026082
CV,2,SVR,11,12.1,11.554005186026904
CV,2,SVR,23,12.0,12.784344563088359
CV,2,SVR,37,12.2,12.88237510175201
CV,2,SVR,38,11.8,11.776860821274445
CV,2,SVR,67,12.4,12.515923506229305
CV,2,SVR,68,13.8,11.013253085378741
CV,2,SVR,69,13.2,12.889772745836643
CV,2,SVR,81,13.9,11.930508552297772
CV,2,SVR,86,10.9,9.93884980911516
CV,2,SVR,89,12.5,10.537816523359345
CV,2,SVR,92,10.4,10.059407275044057
CV,2,SVR,96,11.6,12.658383026758278
CV,2,SVR,97,11.5,9.905558944939406
CV,2,SVR,103,9.0,11.697855437413258
CV,2,SVR,112,9.5,10.736841918716783
CV,2,SVR,117,11.1,12.507097509790603
CV,2,SVR,122,8.8,10.468648288988282
CV,2,SVR,123,8.0,8.73425253528311
CV,2,SVR,125,7.6,10.768318201264213
CV,2,SVR,129,10.0,10.540479633489005
CV,2,SVR,143,12.9,12.963231549230647
CV,2,SVR,144,12.5,11.75647907670882
CV,2,SVR,146,12.5,13.270610384889741
CV,2,SVR,147,12.7,11.174329125307002
CV,2,SVR,150,16.6,13.056160676366082
CV,2,SVR,158,16.1,11.831321293168974
CV,2,SVR,163,12.0,12.727656626455603
CV,2,SVR,167,10.8,11.625449940980422
CV,2,SVR,179,13.2,12.080553770938755
CV,2,SVR,182,10.8,9.43787426276941
CV,2,SVR,183,11.4,11.196345408400466
CV,2,SVR,185,10.7,11.059112127567749
CV,2,SVR,195,14.3,13.055533946011613
CV,2,SVR,198,13.2,11.633946897857333
CV,2,SVR,202,11.5,12.367644545546915
CV,2,SVR,219,15.2,12.379831489075128
CV,2,SVR,220,12.3,12.113286913136255
CV,2,SVR,223,12.6,11.172607034720377
CV,2,SVR,227,13.1,11.902912347111274
CV,2,SVR,229,12.5,12.754573649890665
CV,2,SVR,233,10.2,11.98214335353328
CV,2,SVR,234,10.7,10.463399235293982
CV,2,SVR,237,11.5,9.929494367104644
CV,2,SVR,244,12.4,12.957239181837826
CV,2,SVR,245,11.3,11.797501342243413
CV,2,SVR,250,11.9,12.662178420705422
CV,2,SVR,253,12.1,12.179586382893453
CV,2,SVR,255,9.7,10.508884995482275
CV,2,SVR,258,10.7,8.264928459220227
CV,2,SVR,274,9.5,10.081721005941864
CV,2,SVR,275,8.8,11.358501875885478
CV,2,SVR,285,11.6,12.731438195192757
CV,2,SVR,286,12.5,12.345683584359625
CV,2,SVR,287,12.7,10.46281845066717
CV,2,SVR,291,12.1,11.985958470654586
CV,2,SVR,299,14.0,12.898527020544682
CV,2,SVR,304,12.9,13.143737771204078
CV,2,SVR,305,10.9,12.192982828713204
CV,2,SVR,307,10.8,11.93205523105181
CV,2,SVR,320,11.4,12.108556617474468
CV,2,SVR,321,13.3,11.564181062838434
CV,2,SVR,324,10.9,11.602597986495757
CV,2,SVR,327,11.6,10.842727295630928
CV,2,SVR,331,10.0,10.849035100261608
CV,2,SVR,335,14.3,12.564255310543123
CV,2,SVR,342,11.5,12.802036289443029
CV,2,SVR,352,12.5,11.770811916786633
CV,2,SVR,354,13.6,12.381160898651748
CV,2,SVR,355,12.7,12.046286143491576
CV,2,SVR,360,12.3,13.01672597748564
CV,2,SVR,365,14.6,12.883128103953231
CV,2,SVR,387,10.9,13.052196922112335
CV,2,SVR,389,10.7,11.092566775722679
CV,2,SVR,390,11.9,11.51179022174768
CV,2,SVR,394,10.5,11.009417019665028
CV,2,SVR,395,9.7,11.065981873717993
CV,2,SVR,396,10.3,10.709432047099154
CV,2,SVR,398,10.7,11.775503905777404
CV,2,SVR,400,7.3,11.633114648356246
CV,2,SVR,404,8.1,10.622226497146775
CV,2,SVR,414,9.5,10.041983397970801
CV,2,MPHNN,2,11.3,11.172228813171387
CV,2,MPHNN,6,12.5,10.942959785461426
CV,2,MPHNN,10,16.6,11.987687110900879
CV,2,MPHNN,11,12.1,10.962824821472168
CV,2,MPHNN,23,12.0,12.235610008239746
CV,2,MPHNN,37,12.2,12.336111068725586
CV,2,MPHNN,38,11.8,11.880640983581543
CV,2,MPHNN,67,12.4,12.128508567810059
CV,2,MPHNN,68,13.8,10.536128044128418
CV,2,MPHNN,69,13.2,12.023537635803223
CV,2,MPHNN,81,13.9,11.279839515686035
CV,2,MPHNN,86,10.9,9.760631561279297
CV,2,MPHNN,89,12.5,9.76496410369873
CV,2,MPHNN,92,10.4,8.94626522064209
CV,2,MPHNN,96,11.6,11.726557731628418
CV,2,MPHNN,97,11.5,10.357559204101562
CV,2,MPHNN,103,9.0,11.60950756072998
CV,2,MPHNN,112,9.5,11.021566390991211
CV,2,MPHNN,117,11.1,10.565786361694336
CV,2,MPHNN,122,8.8,10.122920036315918
CV,2,MPHNN,123,8.0,9.591727256774902
CV,2,MPHNN,125,7.6,10.711544036865234
CV,2,MPHNN,129,10.0,10.371105194091797
CV,2,MPHNN,143,12.9,12.255965232849121
CV,2,MPHNN,144,12.5,10.823227882385254
CV,2,MPHNN,146,12.5,11.627840042114258
CV,2,MPHNN,147,12.7,10.955597877502441
CV,2,MPHNN,150,16.6,11.35055923461914
CV,2,MPHNN,158,16.1,11.463613510131836
CV,2,MPHNN,163,12.0,12.069242477416992
CV,2,MPHNN,167,10.8,11.811820030212402
CV,2,MPHNN,179,13.2,11.579371452331543
CV,2,MPHNN,182,10.8,10.705196380615234
CV,2,MPHNN,183,11.4,11.045294761657715
CV,2,MPHNN,185,10.7,11.52125072479248
CV,2,MPHNN,195,14.3,12.395694732666016
CV,2,MPHNN,198,13.2,11.19530200958252
CV,2,MPHNN,202,11.5,12.002532005310059
CV,2,MPHNN,219,15.2,12.5037202835083
CV,2,MPHNN,220,12.3,11.970526695251465
CV,2,MPHNN,223,12.6,11.677897453308105
CV,2,MPHNN,227,13.1,11.264966011047363
CV,2,MPHNN,229,12.5,10.33618450164795
CV,2,MPHNN,233,10.2,11.892956733703613
CV,2,MPHNN,234,10.7,10.19684886932373
CV,2,MPHNN,237,11.5,10.408331871032715
CV,2,MPHNN,244,12.4,12.243390083312988
CV,2,MPHNN,245,11.3,11.113505363464355
CV,2,MPHNN,250,11.9,10.880642890930176
CV,2,MPHNN,253,12.1,10.527000427246094
CV,2,MPHNN,255,9.7,9.908885955810547
CV,2,MPHNN,258,10.7,9.995182991027832
CV,2,MPHNN,274,9.5,10.365866661071777
CV,2,MPHNN,275,8.8,9.718132972717285
CV,2,MPHNN,285,11.6,12.536025047302246
CV,2,MPHNN,286,12.5,12.035296440124512
CV,2,MPHNN,287,12.7,10.360344886779785
CV,2,MPHNN,291,12.1,11.619399070739746
CV,2,MPHNN,299,14.0,12.041131019592285
CV,2,MPHNN,304,12.9,12.464953422546387
CV,2,MPHNN,305,10.9,11.8991060256958
CV,2,MPHNN,307,10.8,11.970856666564941
CV,2,MPHNN,320,11.4,11.983284950256348
CV,2,MPHNN,321,13.3,11.505053520202637
CV,2,MPHNN,324,10.9,11.958096504211426
CV,2,MPHNN,327,11.6,11.114415168762207
CV,2,MPHNN,331,10.0,11.21334171295166
CV,2,MPHNN,335,14.3,11.847753524780273
CV,2,MPHNN,342,11.5,11.701590538024902
CV,2,MPHNN,352,12.5,11.568977355957031
CV,2,MPHNN,354,13.6,11.872952461242676
CV,2,MPHNN,355,12.7,11.207058906555176
CV,2,MPHNN,360,12.3,11.520231246948242
CV,2,MPHNN,365,14.6,11.20868968963623
CV,2,MPHNN,387,10.9,11.980390548706055
CV,2,MPHNN,389,10.7,10.400805473327637
CV,2,MPHNN,390,11.9,11.555127143859863
CV,2,MPHNN,394,10.5,10.677481651306152
CV,2,MPHNN,395,9.7,11.249649047851562
CV,2,MPHNN,396,10.3,9.928484916687012
CV,2,MPHNN,398,10.7,11.116455078125
CV,2,MPHNN,400,7.3,11.878880500793457
CV,2,MPHNN,404,8.1,10.280645370483398
CV,2,MPHNN,414,9.5,9.84605598449707
CV,2,ENSEMBLE,2,11.3,12.00546603579569
CV,2,ENSEMBLE,6,12.5,11.511532203025649
CV,2,ENSEMBLE,10,16.6,12.654443305939484
CV,2,ENSEMBLE,11,12.1,11.30114933102237
CV,2,ENSEMBLE,23,12.0,12.376122623643516
CV,2,ENSEMBLE,37,12.2,12.733916671966512
CV,2,ENSEMBLE,38,11.8,12.10897857626426
CV,2,ENSEMBLE,67,12.4,12.293083858003332
CV,2,ENSEMBLE,68,13.8,11.914334257501546
CV,2,ENSEMBLE,69,13.2,12.604876656161341
CV,2,ENSEMBLE,81,13.9,12.617723257108402
CV,2,ENSEMBLE,86,10.9,9.634197962626867
CV,2,ENSEMBLE,89,12.5,9.551006642567085
CV,2,ENSEMBLE,92,10.4,9.984365899266367
CV,2,ENSEMBLE,96,11.6,11.811765909258343
CV,2,ENSEMBLE,97,11.5,10.639177480715379
CV,2,ENSEMBLE,103,9.0,11.48043984283852
CV,2,ENSEMBLE,112,9.5,10.391316850975548
CV,2,ENSEMBLE,117,11.1,11.020998600949701
CV,2,ENSEMBLE,122,8.8,9.733299944481876
CV,2,ENSEMBLE,123,8.0,9.274045699026178
CV,2,ENSEMBLE,125,7.6,10.376721305129156
CV,2,ENSEMBLE,129,10.0,10.12497818678027
CV,2,ENSEMBLE,143,12.9,12.88006920731971
CV,2,ENSEMBLE,144,12.5,11.856169912563512
CV,2,ENSEMBLE,146,12.5,12.366242882762352
CV,2,ENSEMBLE,147,12.7,12.242681887954975
CV,2,ENSEMBLE,150,16.6,11.97901758415642
CV,2,ENSEMBLE,158,16.1,12.310605790502755
CV,2,ENSEMBLE,163,12.0,12.837351828145657
CV,2,ENSEMBLE,167,10.8,11.63845946474477
CV,2,ENSEMBLE,179,13.2,11.895121738868639
CV,2,ENSEMBLE,182,10.8,12.783183639555077
CV,2,ENSEMBLE,183,11.4,11.598611586452426
CV,2,ENSEMBLE,185,10.7,10.768101682528936
CV,2,ENSEMBLE,195,14.3,12.16816017432267
CV,2,ENSEMBLE,198,13.2,10.907959693134794
CV,2,ENSEMBLE,202,11.5,12.004500702127759
CV,2,ENSEMBLE,219,15.2,13.194586972635229
CV,2,ENSEMBLE,220,12.3,12.472586000624158
CV,2,ENSEMBLE,223,12.6,11.872603760629016
CV,2,ENSEMBLE,227,13.1,11.750764328084937
CV,2,ENSEMBLE,229,12.5,11.334352628996694
CV,2,ENSEMBLE,233,10.2,11.271804243950374
CV,2,ENSEMBLE,234,10.7,10.572655890906018
CV,2,ENSEMBLE,237,11.5,10.548251397477662
CV,2,ENSEMBLE,244,12.4,12.285358151714478
CV,2,ENSEMBLE,245,11.3,11.175055933900147
CV,2,ENSEMBLE,250,11.9,11.175332405261432
CV,2,ENSEMBLE,253,12.1,11.694092000185865
CV,2,ENSEMBLE,255,9.7,10.32000126229674
CV,2,ENSEMBLE,258,10.7,9.311966403083611
CV,2,ENSEMBLE,274,9.5,9.738939957179737
CV,2,ENSEMBLE,275,8.8,9.704773000875354
CV,2,ENSEMBLE,285,11.6,12.223798213524166
CV,2,ENSEMBLE,286,12.5,12.221839857783081
CV,2,ENSEMBLE,287,12.7,10.826658369620546
CV,2,ENSEMBLE,291,12.1,11.801615155974506
CV,2,ENSEMBLE,299,14.0,12.538324925181222
CV,2,ENSEMBLE,304,12.9,12.776844820852645
CV,2,ENSEMBLE,305,10.9,11.922434665076421
CV,2,ENSEMBLE,307,10.8,11.098484685253638
CV,2,ENSEMBLE,320,11.4,12.20071419459492
CV,2,ENSEMBLE,321,13.3,11.54364424464972
CV,2,ENSEMBLE,324,10.9,12.04299797917713
CV,2,ENSEMBLE,327,11.6,11.086060546140299
CV,2,ENSEMBLE,331,10.0,10.761067143156126
CV,2,ENSEMBLE,335,14.3,12.247097643368969
CV,2,ENSEMBLE,342,11.5,12.298360615097915
CV,2,ENSEMBLE,352,12.5,11.899746751798222
CV,2,ENSEMBLE,354,13.6,12.216291761092869
CV,2,ENSEMBLE,355,12.7,11.562030259210054
CV,2,ENSEMBLE,360,12.3,12.416499692357743
CV,2,ENSEMBLE,365,14.6,11.905003751526962
CV,2,ENSEMBLE,387,10.9,11.9430018233466
CV,2,ENSEMBLE,389,10.7,10.591424124964137
CV,2,ENSEMBLE,390,11.9,11.289727269343414
CV,2,ENSEMBLE,394,10.5,10.859845758312725
CV,2,ENSEMBLE,395,9.7,10.379440557698072
CV,2,ENSEMBLE,396,10.3,10.0104275722372
CV,2,ENSEMBLE,398,10.7,10.820889742569943
CV,2,ENSEMBLE,400,7.3,10.824508316651407
CV,2,ENSEMBLE,404,8.1,10.260501668598405
CV,2,ENSEMBLE,414,9.5,9.827376311708507
CV,3,PLS,4,12.5,12.092756221611644
CV,3,PLS,8,12.8,13.122200029457733
CV,3,PLS,12,12.2,11.151888847969087
CV,3,PLS,14,12.8,12.740430151372554
CV,3,PLS,27,10.8,11.370084648453323
CV,3,PLS,28,9.8,13.178812897915158
CV,3,PLS,32,13.0,11.172366785397227
CV,3,PLS,35,11.7,10.717251458813527
CV,3,PLS,40,11.4,11.463192936893442
CV,3,PLS,41,13.3,12.299416443528367
CV,3,PLS,44,10.9,12.098781154105575
CV,3,PLS,47,11.6,12.00037089089307
CV,3,PLS,51,10.0,10.285437024337943
CV,3,PLS,61,12.0,11.632348178211904
CV,3,PLS,62,11.5,11.657468733324794
CV,3,PLS,64,13.8,10.305432388971054
CV,3,PLS,65,12.8,12.174565622606252
CV,3,PLS,85,14.6,12.707406065454467
CV,3,PLS,95,10.4,10.34024353063396
CV,3,PLS,98,12.8,11.037090783918385
CV,3,PLS,100,10.0,11.459485391433573
CV,3,PLS,107,10.9,11.94065869291699
CV,3,PLS,115,9.7,10.24716062127416
CV,3,PLS,120,7.3,9.94609430218501
CV,3,PLS,127,10.4,9.031615677384373
CV,3,PLS,128,9.5,9.160568848209707
CV,3,PLS,133,11.3,10.200326599142304
CV,3,PLS,135,8.8,10.801490213013507
CV,3,PLS,136,11.0,11.700055882707975
CV,3,PLS,138,9.6,9.16136182186508
CV,3,PLS,142,11.3,11.901199352110854
CV,3,PLS,156,12.0,12.161082272385741
CV,3,PLS,159,14.0,13.317923222648078
CV,3,PLS,162,16.0,13.573278190674632
CV,3,PLS,164,12.9,12.659650515924083
CV,3,PLS,170,10.9,12.654798444457533
CV,3,PLS,171,11.1,11.921195484917371
CV,3,PLS,178,11.8,13.308805647831491
CV,3,PLS,186,13.4,12.567466748886707
CV,3,PLS,197,10.9,12.040318490473055
CV,3,PLS,200,9.3,10.29669165605857
CV,3,PLS,206,12.0,10.999064656640684
CV,3,PLS,213,12.9,12.248288184241947
CV,3,PLS,215,12.7,12.141315444044066
CV,3,PLS,216,12.5,12.23259765694941
CV,3,PLS,221,13.9,10.710364002110435
CV,3,PLS,224,12.9,12.17808081782381
CV,3,PLS,226,10.9,11.653360972253516
CV,3,PLS,230,11.7,11.102936303913305
CV,3,PLS,232,10.4,10.810127210929302
CV,3,PLS,240,10.0,11.548356786547926
CV,3,PLS,242,10.7,11.271426285084178
CV,3,PLS,254,10.5,11.198074957932835
CV,3,PLS,256,10.3,11.563485325522988
CV,3,PLS,260,7.3,9.353069660697948
CV,3,PLS,261,9.1,11.18415509915879
CV,3,PLS,267,10.4,9.183325143654766
CV,3,PLS,279,10.2,12.666904329349801
CV,3,PLS,282,11.3,11.651777239523172
CV,3,PLS,283,12.9,13.11072751713934
CV,3,PLS,288,12.8,11.325990442055344
CV,3,PLS,292,12.2,11.733037651283395
CV,3,PLS,300,11.0,11.962398405184508
CV,3,PLS,314,12.0,11.538050658167915
CV,3,PLS,316,11.6,12.455659698635227
CV,3,PLS,318,11.8,12.531943760865039
CV,3,PLS,322,10.8,10.58978736789458
CV,3,PLS,336,12.3,11.405050431138026
CV,3,PLS,340,9.3,11.094021558629123
CV,3,PLS,341,12.0,11.710180959661368
CV,3,PLS,349,13.2,13.403565529887832
CV,3,PLS,357,12.8,12.156360860400687
CV,3,PLS,364,12.9,10.846886213611224
CV,3,PLS,374,10.7,12.925052198652427
CV,3,PLS,376,11.6,10.861469308545194
CV,3,PLS,380,10.0,10.895977167888308
CV,3,PLS,381,10.6,10.425480958238289
CV,3,PLS,386,10.6,10.438748189193621
CV,3,PLS,397,11.1,10.596191278511956
CV,3,PLS,401,9.1,10.465700038466473
CV,3,PLS,405,7.6,10.343070684268303
CV,3,PLS,407,10.4,8.532864165593288
CV,3,PLS,409,10.0,9.469726072347736
CV,3,PLS,418,9.6,9.276958944199265
CV,3,SVR,4,12.5,10.955611920238509
CV,3,SVR,8,12.8,12.732905895273715
CV,3,SVR,12,12.2,11.357181544013569
CV,3,SVR,14,12.8,12.218898829792279
CV,3,SVR,27,10.8,10.43560863396864
CV,3,SVR,28,9.8,12.147560724739078
CV,3,SVR,32,13.0,11.32310019156955
CV,3,SVR,35,11.7,11.111899750578244
CV,3,SVR,40,11.4,11.57788575557653
CV,3,SVR,41,13.3,11.40190644641656
CV,3,SVR,44,10.9,9.748496804327159
CV,3,SVR,47,11.6,11.38102463066505
CV,3,SVR,51,10.0,9.664588547540417
CV,3,SVR,61,12.0,11.347417261543624
CV,3,SVR,62,11.5,11.544312322106192
CV,3,SVR,64,13.8,10.37114775474957
CV,3,SVR,65,12.8,12.480474309045077
CV,3,SVR,85,14.6,13.590848611519617
CV,3,SVR,95,10.4,11.78012271392228
CV,3,SVR,98,12.8,11.846091307033559
CV,3,SVR,100,10.0,11.425415900071583
CV,3,SVR,107,10.9,10.749362827352838
CV,3,SVR,115,9.7,9.946589578584705
CV,3,SVR,120,7.3,11.01354456957702
CV,3,SVR,127,10.4,8.61797509605823
CV,3,SVR,128,9.5,8.909251136829424
CV,3,SVR,133,11.3,10.120330900594622
CV,3,SVR,135,8.8,11.227377874121172
CV,3,SVR,136,11.0,16.52965440777602
CV,3,SVR,138,9.6,9.27992046940369
CV,3,SVR,142,11.3,11.316572572093802
CV,3,SVR,156,12.0,11.549484724882019
CV,3,SVR,159,14.0,15.037301873366713
CV,3,SVR,162,16.0,15.312026421375348
CV,3,SVR,164,12.9,12.386346102199225
CV,3,SVR,170,10.9,11.813994732338115
CV,3,SVR,171,11.1,11.565679793677047
CV,3,SVR,178,11.8,13.201731211458336
CV,3,SVR,186,13.4,12.677099409629419
CV,3,SVR,197,10.9,13.72066137007843
CV,3,SVR,200,9.3,12.092442484913816
CV,3,SVR,206,12.0,11.350215286351228
CV,3,SVR,213,12.9,11.597803824036886
CV,3,SVR,215,12.7,10.81604938699587
CV,3,SVR,216,12.5,12.635644974917154
CV,3,SVR,221,13.9,8.623787617844128
CV,3,SVR,224,12.9,12.136247631026846
CV,3,SVR,226,10.9,11.367442682811129
CV,3,SVR,230,11.7,11.239931527764325
CV,3,SVR,232,10.4,10.617310976514771
CV,3,SVR,240,10.0,11.705911256189422
CV,3,SVR,242,10.7,12.480300379908199
CV,3,SVR,254,10.5,10.895103613379133
CV,3,SVR,256,10.3,11.02025905647037
CV,3,SVR,260,7.3,9.722311269359976
CV,3,SVR,261,9.1,10.628255777140508
CV,3,SVR,267,10.4,8.799944759299917
CV,3,SVR,279,10.2,11.50243805608862
CV,3,SVR,282,11.3,11.61406322300506
CV,3,SVR,283,12.9,12.90970577996728
CV,3,SVR,288,12.8,11.047014558790321
CV,3,SVR,292,12.2,11.334117155565549
CV,3,SVR,300,11.0,13.00360014757628
CV,3,SVR,314,12.0,10.656356560304955
CV,3,SVR,316,11.6,12.636976171315338
CV,3,SVR,318,11.8,12.706844581703207
CV,3,SVR,322,10.8,10.942519220696893
CV,3,SVR,336,12.3,10.736363341692948
CV,3,SVR,340,9.3,10.269583453732308
CV,3,SVR,341,12.0,11.647397552049197
CV,3,SVR,349,13.2,12.928350814032965
CV,3,SVR,357,12.8,12.347171243660055
CV,3,SVR,364,12.9,12.145234670026083
CV,3,SVR,374,10.7,11.768736039694017
CV,3,SVR,376,11.6,12.115388809387495
CV,3,SVR,380,10.0,11.359174638761571
CV,3,SVR,381,10.6,10.402897922574693
CV,3,SVR,386,10.6,9.48152871794616
CV,3,SVR,397,11.1,11.008273153279417
CV,3,SVR,401,9.1,11.299809675466689
CV,3,SVR,405,7.6,11.002217291918667
CV,3,SVR,407,10.4,8.864192861768414
CV,3,SVR,409,10.0,9.86102046009958
CV,3,SVR,418,9.6,9.919446468504786
CV,3,MPHNN,4,12.5,11.752079963684082
CV,3,MPHNN,8,12.8,11.094376564025879
CV,3,MPHNN,12,12.2,12.432780265808105
CV,3,MPHNN,14,12.8,11.746049880981445
CV,3,MPHNN,27,10.8,11.38355827331543
CV,3,MPHNN,28,9.8,11.169310569763184
CV,3,MPHNN,32,13.0,10.622600555419922
CV,3,MPHNN,35,11.7,10.46308422088623
CV,3,MPHNN,40,11.4,10.641386032104492
CV,3,MPHNN,41,13.3,12.009856224060059
CV,3,MPHNN,44,10.9,10.959737777709961
CV,3,MPHNN,47,11.6,11.600403785705566
CV,3,MPHNN,51,10.0,11.0714693069458
CV,3,MPHNN,61,12.0,11.551334381103516
CV,3,MPHNN,62,11.5,11.915703773498535
CV,3,MPHNN,64,13.8,11.502617835998535
CV,3,MPHNN,65,12.8,11.43097972869873
CV,3,MPHNN,85,14.6,12.176060676574707
CV,3,MPHNN,95,10.4,11.619233131408691
CV,3,MPHNN,98,12.8,10.98495101928711
CV,3,MPHNN,100,10.0,11.782052040100098
CV,3,MPHNN,107,10.9,11.254222869873047
CV,3,MPHNN,115,9.7,11.303618431091309
CV,3,MPHNN,120,7.3,10.580857276916504
CV,3,MPHNN,127,10.4,10.356836318969727
CV,3,MPHNN,128,9.5,10.73554515838623
CV,3,MPHNN,133,11.3,10.48835563659668
CV,3,MPHNN,135,8.8,10.90647029876709
CV,3,MPHNN,136,11.0,12.167009353637695
CV,3,MPHNN,138,9.6,10.141373634338379
CV,3,MPHNN,142,11.3,11.298644065856934
CV,3,MPHNN,156,12.0,10.89965534210205
CV,3,MPHNN,159,14.0,12.41508674621582
CV,3,MPHNN,162,16.0,11.82645320892334
CV,3,MPHNN,164,12.9,12.244344711303711
CV,3,MPHNN,170,10.9,11.47780704498291
CV,3,MPHNN,171,11.1,11.342679977416992
CV,3,MPHNN,178,11.8,12.224452018737793
CV,3,MPHNN,186,13.4,11.323460578918457
CV,3,MPHNN,197,10.9,11.693264961242676
CV,3,MPHNN,200,9.3,11.594941139221191
CV,3,MPHNN,206,12.0,11.821059226989746
CV,3,MPHNN,213,12.9,11.384209632873535
CV,3,MPHNN,215,12.7,11.462925910949707
CV,3,MPHNN,216,12.5,11.832745552062988
CV,3,MPHNN,221,13.9,11.147738456726074
CV,3,MPHNN,224,12.9,12.423261642456055
CV,3,MPHNN,226,10.9,11.383577346801758
CV,3,MPHNN,230,11.7,11.641783714294434
CV,3,MPHNN,232,10.4,11.703341484069824
CV,3,MPHNN,240,10.0,12.485030174255371
CV,3,MPHNN,242,10.7,12.21813678741455
CV,3,MPHNN,254,10.5,11.17050838470459
CV,3,MPHNN,256,10.3,9.58678150177002
CV,3,MPHNN,260,7.3,11.030426979064941
CV,3,MPHNN,261,9.1,10.222597122192383
CV,3,MPHNN,267,10.4,10.854689598083496
CV,3,MPHNN,279,10.2,10.887897491455078
CV,3,MPHNN,282,11.3,11.457457542419434
CV,3,MPHNN,283,12.9,12.394572257995605
CV,3,MPHNN,288,12.8,11.10287094116211
CV,3,MPHNN,292,12.2,11.478574752807617
CV,3,MPHNN,300,11.0,11.085084915161133
CV,3,MPHNN,314,12.0,10.90052604675293
CV,3,MPHNN,316,11.6,11.801447868347168
CV,3,MPHNN,318,11.8,11.52218246459961
CV,3,MPHNN,322,10.8,10.4290189743042
CV,3,MPHNN,336,12.3,11.694899559020996
CV,3,MPHNN,340,9.3,11.235651969909668
CV,3,MPHNN,341,12.0,11.52280330657959
CV,3,MPHNN,349,13.2,12.001777648925781
CV,3,MPHNN,357,12.8,11.958418846130371
CV,3,MPHNN,364,12.9,12.078139305114746
CV,3,MPHNN,374,10.7,12.163601875305176
CV,3,MPHNN,376,11.6,11.358407020568848
CV,3,MPHNN,380,10.0,11.87536334991455
CV,3,MPHNN,381,10.6,11.788390159606934
CV,3,MPHNN,386,10.6,10.860467910766602
CV,3,MPHNN,397,11.1,10.757858276367188
CV,3,MPHNN,401,9.1,10.671223640441895
CV,3,MPHNN,405,7.6,11.198809623718262
CV,3,MPHNN,407,10.4,10.790314674377441
CV,3,MPHNN,409,10.0,10.227574348449707
CV,3,MPHNN,418,9.6,10.301865577697754
CV,3,ENSEMBLE,4,12.5,11.52166358935828
CV,3,ENSEMBLE,8,12.8,12.156526516423448
CV,3,ENSEMBLE,12,12.2,11.587317334479314
CV,3,ENSEMBLE,14,12.8,12.161764822112112
CV,3,ENSEMBLE,27,10.8,10.775885987267584
CV,3,ENSEMBLE,28,9.8,12.207946797796376
CV,3,ENSEMBLE,32,13.0,10.988450926461367
CV,3,ENSEMBLE,35,11.7,10.471177806258233
CV,3,ENSEMBLE,40,11.4,11.269429547653004
CV,3,ENSEMBLE,41,13.3,11.679604527820036
CV,3,ENSEMBLE,44,10.9,11.334490452747866
CV,3,ENSEMBLE,47,11.6,11.998275225634625
CV,3,ENSEMBLE,51,10.0,10.182176863713064
CV,3,ENSEMBLE,61,12.0,11.82378273596829
CV,3,ENSEMBLE,62,11.5,11.446762398994473
CV,3,ENSEMBLE,64,13.8,10.998268581755658
CV,3,ENSEMBLE,65,12.8,12.087899484313478
CV,3,ENSEMBLE,85,14.6,13.108357943701634
CV,3,ENSEMBLE,95,10.4,11.350720641953764
CV,3,ENSEMBLE,98,12.8,12.020540942893554
CV,3,ENSEMBLE,100,10.0,11.722028382669203
CV,3,ENSEMBLE,107,10.9,10.804664402326214
CV,3,ENSEMBLE,115,9.7,10.219898702652916
CV,3,ENSEMBLE,120,7.3,10.474348546746993
CV,3,ENSEMBLE,127,10.4,8.671485360056124
CV,3,ENSEMBLE,128,9.5,9.292514450862214
CV,3,ENSEMBLE,133,11.3,10.064750703563053
CV,3,ENSEMBLE,135,8.8,10.978603632456398
CV,3,ENSEMBLE,136,11.0,12.493110441857768
CV,3,ENSEMBLE,138,9.6,8.958744201437359
CV,3,ENSEMBLE,142,11.3,11.462334658490011
CV,3,ENSEMBLE,156,12.0,11.75297396602344
CV,3,ENSEMBLE,159,14.0,14.21485071897325
CV,3,ENSEMBLE,162,16.0,14.012708291570569
CV,3,ENSEMBLE,164,12.9,12.480647708055916
CV,3,ENSEMBLE,170,10.9,11.858081384464608
CV,3,ENSEMBLE,171,11.1,11.49335564613025
CV,3,ENSEMBLE,178,11.8,12.814069487079351
CV,3,ENSEMBLE,186,13.4,12.302415370816606
CV,3,ENSEMBLE,197,10.9,12.245539763410076
CV,3,ENSEMBLE,200,9.3,10.989070568832476
CV,3,ENSEMBLE,206,12.0,11.36731344584766
CV,3,ENSEMBLE,213,12.9,11.983187586326858
CV,3,ENSEMBLE,215,12.7,11.699330321170294
CV,3,ENSEMBLE,216,12.5,12.444598053572651
CV,3,ENSEMBLE,221,13.9,11.293028033058533
CV,3,ENSEMBLE,224,12.9,12.456716225997909
CV,3,ENSEMBLE,226,10.9,11.665057938667854
CV,3,ENSEMBLE,230,11.7,11.727386081245793
CV,3,ENSEMBLE,232,10.4,11.68401475821116
CV,3,ENSEMBLE,240,10.0,12.308261832895191
CV,3,ENSEMBLE,242,10.7,11.966757793814438
CV,3,ENSEMBLE,254,10.5,10.677072864738463
CV,3,ENSEMBLE,256,10.3,11.041779498123422
CV,3,ENSEMBLE,260,7.3,9.694247896627013
CV,3,ENSEMBLE,261,9.1,10.748806618257918
CV,3,ENSEMBLE,267,10.4,9.086572845381829
CV,3,ENSEMBLE,279,10.2,11.887723284191516
CV,3,ENSEMBLE,282,11.3,11.630231358377094
CV,3,ENSEMBLE,283,12.9,12.810925435291404
CV,3,ENSEMBLE,288,12.8,11.365246291046581
CV,3,ENSEMBLE,292,12.2,11.450469438745596
CV,3,ENSEMBLE,300,11.0,11.55669539900478
CV,3,ENSEMBLE,314,12.0,11.06575267991704
CV,3,ENSEMBLE,316,11.6,12.1864355762777
CV,3,ENSEMBLE,318,11.8,12.503859066875519
CV,3,ENSEMBLE,322,10.8,10.72593257677499
CV,3,ENSEMBLE,336,12.3,11.45891501882452
CV,3,ENSEMBLE,340,9.3,11.142523053318111
CV,3,ENSEMBLE,341,12.0,11.712895193820865
CV,3,ENSEMBLE,349,13.2,12.810077337103369
CV,3,ENSEMBLE,357,12.8,12.068450275693335
CV,3,ENSEMBLE,364,12.9,11.98166544966582
CV,3,ENSEMBLE,374,10.7,12.709947273236349
CV,3,ENSEMBLE,376,11.6,11.588623977492713
CV,3,ENSEMBLE,380,10.0,11.356385226812103
CV,3,ENSEMBLE,381,10.6,11.026198978073767
CV,3,ENSEMBLE,386,10.6,10.161204927386414
CV,3,ENSEMBLE,397,11.1,10.48662813838491
CV,3,ENSEMBLE,401,9.1,10.81809473174103
CV,3,ENSEMBLE,405,7.6,10.824932407359222
CV,3,ENSEMBLE,407,10.4,9.154547223319613
CV,3,ENSEMBLE,409,10.0,10.040268863123922
CV,3,ENSEMBLE,418,9.6,9.050924226052771
CV,4,PLS,1,11.8,12.5426287957837
CV,4,PLS,13,14.9,13.115546407302318
CV,4,PLS,20,11.0,11.15551047486913
CV,4,PLS,21,14.8,11.812913072301585
CV,4,PLS,34,12.0,7.799529660665136
CV,4,PLS,43,11.4,13.1363608586445
CV,4,PLS,48,13.1,12.455871145096477
CV,4,PLS,49,11.4,11.48832744148843
CV,4,PLS,50,11.6,10.352565720662028
CV,4,PLS,52,9.8,10.735033209530252
CV,4,PLS,53,11.5,11.235260608437123
CV,4,PLS,54,12.8,12.692852846625815
CV,4,PLS,58,13.2,12.124074381699074
CV,4,PLS,71,12.6,12.871575945380162
CV,4,PLS,80,12.3,11.038047968780479
CV,4,PLS,87,13.1,12.074983320655967
CV,4,PLS,88,14.0,12.42627078677031
CV,4,PLS,91,9.2,11.464620892463923
CV,4,PLS,99,10.2,9.828912273283816
CV,4,PLS,102,10.7,11.94202166960224
CV,4,PLS,105,11.3,11.88928198382499
CV,4,PLS,106,10.6,10.612746062362136
CV,4,PLS,121,9.1,8.989642706012955
CV,4,PLS,130,8.9,10.1133594024393
CV,4,PLS,134,9.5,9.006947922869248
CV,4,PLS,149,14.4,11.73796806485362
CV,4,PLS,151,12.1,11.500127225355955
CV,4,PLS,160,11.0,12.70513655688496
CV,4,PLS,161,14.8,12.410554548548989
CV,4,PLS,166,15.0,13.644181268234835
CV,4,PLS,169,10.1,11.706238886718298
CV,4,PLS,174,12.0,10.811175418654974
CV,4,PLS,187,11.6,10.130434848584665
CV,4,PLS,188,13.1,9.457404677085027
CV,4,PLS,189,11.4,11.717288641005506
CV,4,PLS,190,11.6,11.284444341394867
CV,4,PLS,191,10.0,3.434232963253569
CV,4,PLS,201,12.0,11.330253908026254
CV,4,PLS,205,12.8,13.232721032208374
CV,4,PLS,207,12.4,13.659289346744842
CV,4,PLS,212,12.5,11.829538451316289
CV,4,PLS,214,13.6,13.345504560655476
CV,4,PLS,217,12.8,12.066819304904756
CV,4,PLS,235,10.4,10.99597109388951
CV,4,PLS,236,11.6,12.102418421159603
CV,4,PLS,241,10.6,10.151688642483364
CV,4,PLS,243,9.0,10.622662807273297
CV,4,PLS,251,10.8,10.437010194549474
CV,4,PLS,252,9.5,11.259576697492168
CV,4,PLS,257,11.1,10.020183146496223
CV,4,PLS,259,8.9,10.42809769018934
CV,4,PLS,263,8.0,7.783631972874394
CV,4,PLS,264,8.1,9.758368286520783
CV,4,PLS,269,10.0,9.916717622568372
CV,4,PLS,270,8.9,8.727535446703481
CV,4,PLS,273,11.3,9.37918456761861
CV,4,PLS,276,11.0,8.399179030609071
CV,4,PLS,293,14.9,12.321173199798935
CV,4,PLS,295,12.6,13.969171203141622
CV,4,PLS,303,12.0,12.82071299727188
CV,4,PLS,306,15.0,12.645997590583962
CV,4,PLS,308,9.8,11.217091902889608
CV,4,PLS,309,10.1,11.81844108218846
CV,4,PLS,313,13.1,11.90746381591807
CV,4,PLS,315,11.7,12.053961931203586
CV,4,PLS,319,13.2,13.225393406118112
CV,4,PLS,328,13.1,13.61190076083734
CV,4,PLS,330,11.6,9.835295809197355
CV,4,PLS,339,11.0,13.284564107763831
CV,4,PLS,343,14.8,13.632937523856386
CV,4,PLS,344,13.8,12.313962971085072
CV,4,PLS,345,12.8,12.864717771291973
CV,4,PLS,348,13.8,12.202223984843444
CV,4,PLS,359,15.2,13.160077108539852
CV,4,PLS,363,12.6,12.28291688452933
CV,4,PLS,372,10.4,10.985761311492722
CV,4,PLS,383,9.0,11.607661358618696
CV,4,PLS,384,12.4,11.8107208010424
CV,4,PLS,385,11.3,11.571794578739288
CV,4,PLS,403,8.0,10.174703801639518
CV,4,PLS,410,8.9,9.834077818791268
CV,4,PLS,413,11.3,9.556624408978074
CV,4,PLS,417,9.9,8.941360984336882
CV,4,PLS,419,10.2,11.877937768693617
CV,4,SVR,1,11.8,11.70806407279698
CV,4,SVR,13,14.9,12.86779727290571
CV,4,SVR,20,11.0,13.092056503342803
CV,4,SVR,21,14.8,12.088437194984575
CV,4,SVR,34,12.0,11.502558574911717
CV,4,SVR,43,11.4,11.32853961298619
CV,4,SVR,48,13.1,11.585702552881386
CV,4,SVR,49,11.4,11.509169003918458
CV,4,SVR,50,11.6,11.269802907434745
CV,4,SVR,52,9.8,11.195246869147542
CV,4,SVR,53,11.5,11.677683373432375
CV,4,SVR,54,12.8,12.283451035813677
CV,4,SVR,58,13.2,11.833362793361108
CV,4,SVR,71,12.6,11.95121290386286
CV,4,SVR,80,12.3,10.771637571403508
CV,4,SVR,87,13.1,11.796651200930702
CV,4,SVR,88,14.0,13.036405971446179
CV,4,SVR,91,9.2,11.84219604966388
CV,4,SVR,99,10.2,10.868479895582624
CV,4,SVR,102,10.7,10.814357171917193
CV,4,SVR,105,11.3,11.237834590830966
CV,4,SVR,106,10.6,10.894740730251753
CV,4,SVR,121,9.1,9.985526785330869
CV,4,SVR,130,8.9,11.978221630251962
CV,4,SVR,134,9.5,10.920708889151529
CV,4,SVR,149,14.4,12.066783188852417
CV,4,SVR,151,12.1,12.565242430551233
CV,4,SVR,160,11.0,12.319397512511976
CV,4,SVR,161,14.8,11.212286903999683
CV,4,SVR,166,15.0,13.545035754718707
CV,4,SVR,169,10.1,11.025482963939856
CV,4,SVR,174,12.0,10.879598431774143
CV,4,SVR,187,11.6,10.8747785712378
CV,4,SVR,188,13.1,10.877281444271237
CV,4,SVR,189,11.4,11.670528578374332
CV,4,SVR,190,11.6,12.159570049932586
CV,4,SVR,191,10.0,12.452237860092895
CV,4,SVR,201,12.0,10.693880377071986
CV,4,SVR,205,12.8,12.781478954990488
CV,4,SVR,207,12.4,12.038556068382018
CV,4,SVR,212,12.5,12.08939497490745
CV,4,SVR,214,13.6,12.02575439463338
CV,4,SVR,217,12.8,11.962972847843199
CV,4,SVR,235,10.4,10.657391920709546
CV,4,SVR,236,11.6,12.212801975407523
CV,4,SVR,241,10.6,10.780255892072047
CV,4,SVR,243,9.0,11.271035274316649
CV,4,SVR,251,10.8,10.846402685407423
CV,4,SVR,252,9.5,11.693539340896855
CV,4,SVR,257,11.1,10.251927143550386
CV,4,SVR,259,8.9,10.578533313128595
CV,4,SVR,263,8.0,10.010873494277224
CV,4,SVR,264,8.1,10.665440101936037
CV,4,SVR,269,10.0,10.146213987728645
CV,4,SVR,270,8.9,10.415014741483539
CV,4,SVR,273,11.3,10.720292577167848
CV,4,SVR,276,11.0,9.52115040172389
CV,4,SVR,293,14.9,12.511775799206266
CV,4,SVR,295,12.6,12.766936964839909
CV,4,SVR,303,12.0,12.731006958112944
CV,4,SVR,306,15.0,12.398386248214383
CV,4,SVR,308,9.8,11.317594613399535
CV,4,SVR,309,10.1,11.317441594716405
CV,4,SVR,313,13.1,11.63780039562315
CV,4,SVR,315,11.7,11.1465242683074
CV,4,SVR,319,13.2,12.026413858763945
CV,4,SVR,328,13.1,11.2920146559255
CV,4,SVR,330,11.6,11.142816663031958
CV,4,SVR,339,11.0,12.395479807119365
CV,4,SVR,343,14.8,11.919254999220026
CV,4,SVR,344,13.8,12.287818558394491
CV,4,SVR,345,12.8,12.140086290156194
CV,4,SVR,348,13.8,11.231278601723401
CV,4,SVR,359,15.2,11.320059366341233
CV,4,SVR,363,12.6,11.055638526457065
CV,4,SVR,372,10.4,11.109499372021745
CV,4,SVR,383,9.0,12.078364244653262
CV,4,SVR,384,12.4,12.362901063193078
CV,4,SVR,385,11.3,12.2074732555748
CV,4,SVR,403,8.0,11.442408415401315
CV,4,SVR,410,8.9,9.84612082380662
CV,4,SVR,413,11.3,10.656705912339003
CV,4,SVR,417,9.9,9.485492035791804
CV,4,SVR,419,10.2,12.50184879648987
CV,4,MPHNN,1,11.8,11.321754455566406
CV,4,MPHNN,13,14.9,11.864776611328125
CV,4,MPHNN,20,11.0,11.776799201965332
CV,4,MPHNN,21,14.8,11.838924407958984
CV,4,MPHNN,34,12.0,10.800270080566406
CV,4,MPHNN,43,11.4,11.055139541625977
CV,4,MPHNN,48,13.1,11.180139541625977
CV,4,MPHNN,49,11.4,11.0225830078125
CV,4,MPHNN,50,11.6,10.724814414978027
CV,4,MPHNN,52,9.8,11.612215042114258
CV,4,MPHNN,53,11.5,11.66054916381836
CV,4,MPHNN,54,12.8,11.365134239196777
CV,4,MPHNN,58,13.2,11.483922958374023
CV,4,MPHNN,71,12.6,11.831876754760742
CV,4,MPHNN,80,12.3,11.021218299865723
CV,4,MPHNN,87,13.1,11.601273536682129
CV,4,MPHNN,88,14.0,11.771388053894043
CV,4,MPHNN,91,9.2,11.493271827697754
CV,4,MPHNN,99,10.2,11.459688186645508
CV,4,MPHNN,102,10.7,11.844990730285645
CV,4,MPHNN,105,11.3,10.978097915649414
CV,4,MPHNN,106,10.6,10.910292625427246
CV,4,MPHNN,121,9.1,10.414380073547363
CV,4,MPHNN,130,8.9,11.521671295166016
CV,4,MPHNN,134,9.5,10.960763931274414
CV,4,MPHNN,149,14.4,11.433252334594727
CV,4,MPHNN,151,12.1,11.505231857299805
CV,4,MPHNN,160,11.0,11.641176223754883
CV,4,MPHNN,161,14.8,11.976131439208984
CV,4,MPHNN,166,15.0,11.710836410522461
CV,4,MPHNN,169,10.1,11.277414321899414
CV,4,MPHNN,174,12.0,11.155702590942383
CV,4,MPHNN,187,11.6,11.443931579589844
CV,4,MPHNN,188,13.1,9.710883140563965
CV,4,MPHNN,189,11.4,11.311901092529297
CV,4,MPHNN,190,11.6,11.196884155273438
CV,4,MPHNN,191,10.0,9.575206756591797
CV,4,MPHNN,201,12.0,10.628692626953125
CV,4,MPHNN,205,12.8,11.480825424194336
CV,4,MPHNN,207,12.4,11.634160995483398
CV,4,MPHNN,212,12.5,11.202939987182617
CV,4,MPHNN,214,13.6,11.573680877685547
CV,4,MPHNN,217,12.8,11.564493179321289
CV,4,MPHNN,235,10.4,11.171662330627441
CV,4,MPHNN,236,11.6,11.900678634643555
CV,4,MPHNN,241,10.6,11.678653717041016
CV,4,MPHNN,243,9.0,10.968819618225098
CV,4,MPHNN,251,10.8,10.737909317016602
CV,4,MPHNN,252,9.5,11.451696395874023
CV,4,MPHNN,257,11.1,10.550880432128906
CV,4,MPHNN,259,8.9,10.245492935180664
CV,4,MPHNN,263,8.0,9.853952407836914
CV,4,MPHNN,264,8.1,10.70422649383545
CV,4,MPHNN,269,10.0,10.711543083190918
CV,4,MPHNN,270,8.9,10.628585815429688
CV,4,MPHNN,273,11.3,10.797377586364746
CV,4,MPHNN,276,11.0,10.53840446472168
CV,4,MPHNN,293,14.9,11.6705904006958
CV,4,MPHNN,295,12.6,11.823837280273438
CV,4,MPHNN,303,12.0,11.807920455932617
CV,4,MPHNN,306,15.0,11.599686622619629
CV,4,MPHNN,308,9.8,11.392772674560547
CV,4,MPHNN,309,10.1,11.46744155883789
CV,4,MPHNN,313,13.1,11.79865837097168
CV,4,MPHNN,315,11.7,11.145400047302246
CV,4,MPHNN,319,13.2,11.274900436401367
CV,4,MPHNN,328,13.1,11.253203392028809
CV,4,MPHNN,330,11.6,11.398933410644531
CV,4,MPHNN,339,11.0,11.55318546295166
CV,4,MPHNN,343,14.8,11.128231048583984
CV,4,MPHNN,344,13.8,11.431268692016602
CV,4,MPHNN,345,12.8,11.255880355834961
CV,4,MPHNN,348,13.8,11.959729194641113
CV,4,MPHNN,359,15.2,11.77828598022461
CV,4,MPHNN,363,12.6,11.292015075683594
CV,4,MPHNN,372,10.4,11.755701065063477
CV,4,MPHNN,383,9.0,11.478679656982422
CV,4,MPHNN,384,12.4,11.860791206359863
CV,4,MPHNN,385,11.3,11.078710556030273
CV,4,MPHNN,403,8.0,10.548511505126953
CV,4,MPHNN,410,8.9,10.594612121582031
CV,4,MPHNN,413,11.3,10.5131254196167
CV,4,MPHNN,417,9.9,10.050272941589355
CV,4,MPHNN,419,10.2,11.579249382019043
CV,4,ENSEMBLE,1,11.8,11.809888657239046
CV,4,ENSEMBLE,13,14.9,12.734713097161766
CV,4,ENSEMBLE,20,11.0,12.20412838704916
CV,4,ENSEMBLE,21,14.8,11.94663203550168
CV,4,ENSEMBLE,34,12.0,9.772879346346636
CV,4,ENSEMBLE,43,11.4,12.332424261700343
CV,4,ENSEMBLE,48,13.1,11.771847520781034
CV,4,ENSEMBLE,49,11.4,11.272312326607668
CV,4,ENSEMBLE,50,11.6,11.033431640208981
CV,4,ENSEMBLE,52,9.8,11.09851056281673
CV,4,ENSEMBLE,53,11.5,11.728421412596079
CV,4,ENSEMBLE,54,12.8,12.139857506870865
CV,4,ENSEMBLE,58,13.2,11.822281038586585
CV,4,ENSEMBLE,71,12.6,12.430544213925447
CV,4,ENSEMBLE,80,12.3,11.121700922840482
CV,4,ENSEMBLE,87,13.1,11.652368376995273
CV,4,ENSEMBLE,88,14.0,12.666915100649021
CV,4,ENSEMBLE,91,9.2,11.584355029043742
CV,4,ENSEMBLE,99,10.2,10.359977027832487
CV,4,ENSEMBLE,102,10.7,11.230482706476138
CV,4,ENSEMBLE,105,11.3,11.212764479737462
CV,4,ENSEMBLE,106,10.6,10.467031478960072
CV,4,ENSEMBLE,121,9.1,9.540849431511015
CV,4,ENSEMBLE,130,8.9,10.99954287215915
CV,4,ENSEMBLE,134,9.5,10.081330772023227
CV,4,ENSEMBLE,149,14.4,11.800478392936068
CV,4,ENSEMBLE,151,12.1,11.931711165206817
CV,4,ENSEMBLE,160,11.0,12.923549185138475
CV,4,ENSEMBLE,161,14.8,11.661234961567146
CV,4,ENSEMBLE,166,15.0,13.516660809419456
CV,4,ENSEMBLE,169,10.1,11.211725928639826
CV,4,ENSEMBLE,174,12.0,11.476045531534156
CV,4,ENSEMBLE,187,11.6,11.008867156454148
CV,4,ENSEMBLE,188,13.1,9.375351654138784
CV,4,ENSEMBLE,189,11.4,11.553209009693317
CV,4,ENSEMBLE,190,11.6,11.411603306391866
CV,4,ENSEMBLE,191,10.0,7.414780563270845
CV,4,ENSEMBLE,201,12.0,10.953239459157075
CV,4,ENSEMBLE,205,12.8,12.487417328417502
CV,4,ENSEMBLE,207,12.4,12.498594849346494
CV,4,ENSEMBLE,212,12.5,11.907299222260141
CV,4,ENSEMBLE,214,13.6,12.597531985141943
CV,4,ENSEMBLE,217,12.8,12.060331083267341
CV,4,ENSEMBLE,235,10.4,11.242518717034521
CV,4,ENSEMBLE,236,11.6,12.134520275554522
CV,4,ENSEMBLE,241,10.6,10.546313461707099
CV,4,ENSEMBLE,243,9.0,10.675813833906641
CV,4,ENSEMBLE,251,10.8,10.43345843120839
CV,4,ENSEMBLE,252,9.5,11.608766671082332
CV,4,ENSEMBLE,257,11.1,9.749901454927716
CV,4,ENSEMBLE,259,8.9,9.609081811544877
CV,4,ENSEMBLE,263,8.0,8.79269979649888
CV,4,ENSEMBLE,264,8.1,10.06713796384209
CV,4,ENSEMBLE,269,10.0,9.908869713875141
CV,4,ENSEMBLE,270,8.9,9.54962769673579
CV,4,ENSEMBLE,273,11.3,10.089768891046122
CV,4,ENSEMBLE,276,11.0,9.284881834363574
CV,4,ENSEMBLE,293,14.9,12.348373372126465
CV,4,ENSEMBLE,295,12.6,13.182142316299569
CV,4,ENSEMBLE,303,12.0,12.620601374114084
CV,4,ENSEMBLE,306,15.0,12.569931311710084
CV,4,ENSEMBLE,308,9.8,11.364203660966785
CV,4,ENSEMBLE,309,10.1,11.570847363436268
CV,4,ENSEMBLE,313,13.1,11.717379813288806
CV,4,ENSEMBLE,315,11.7,11.538202732220672
CV,4,ENSEMBLE,319,13.2,12.264621430184143
CV,4,ENSEMBLE,328,13.1,11.969471252675921
CV,4,ENSEMBLE,330,11.6,10.814098101039011
CV,4,ENSEMBLE,339,11.0,12.602300876729801
CV,4,ENSEMBLE,343,14.8,12.521258194155857
CV,4,ENSEMBLE,344,13.8,12.037943580107104
CV,4,ENSEMBLE,345,12.8,12.423558251199
CV,4,ENSEMBLE,348,13.8,11.628056573365326
CV,4,ENSEMBLE,359,15.2,11.951235436031451
CV,4,ENSEMBLE,363,12.6,11.389540679466855
CV,4,ENSEMBLE,372,10.4,11.078203489015227
CV,4,ENSEMBLE,383,9.0,11.959236746801793
CV,4,ENSEMBLE,384,12.4,12.485569550490842
CV,4,ENSEMBLE,385,11.3,11.442144866334283
CV,4,ENSEMBLE,403,8.0,11.063531434789953
CV,4,ENSEMBLE,410,8.9,9.811770898042166
CV,4,ENSEMBLE,413,11.3,9.686593292614052
CV,4,ENSEMBLE,417,9.9,8.526048981998485
CV,4,ENSEMBLE,419,10.2,12.043282696986157
