protocol,held_out,model,sample_index,y_true,y_pred,y_cal
LOBO,kiwi-1.csv,PLS,0,11.5,11.767865711987255,11.77407831367213
LOBO,kiwi-1.csv,PLS,1,11.8,12.65829019859928,12.502395098725202
LOBO,kiwi-1.csv,PLS,2,11.3,12.684750865113806,12.524038424864566
LOBO,kiwi-1.csv,PLS,3,12.9,12.381018175871278,12.275602292356197
LOBO,kiwi-1.csv,PLS,4,12.5,11.285508915937434,11.379537781342206
LOBO,kiwi-1.csv,PLS,5,11.6,12.387198805582498,12.280657697310307
LOBO,kiwi-1.csv,PLS,6,12.5,12.502282615640858,12.37478973412376
LOBO,kiwi-1.csv,PLS,7,12.7,11.62075516054493,11.653750216809554
LOBO,kiwi-1.csv,PLS,8,12.8,11.919784747368148,11.898339477982613
LOBO,kiwi-1.csv,PLS,9,14.4,12.907651771332112,12.706358738201894
LOBO,kiwi-1.csv,PLS,10,16.6,12.459750282732305,12.340000695378174
LOBO,kiwi-1.csv,PLS,11,12.1,11.588100652365393,11.627040679086372
LOBO,kiwi-1.csv,PLS,12,12.2,11.331351103442916,11.417034093635715
LOBO,kiwi-1.csv,PLS,13,14.9,12.565297167358928,12.426332067481516
LOBO,kiwi-1.csv,PLS,14,12.8,12.838613835956844,12.649889618253797
LOBO,kiwi-1.csv,PLS,15,12.6,12.961290428593536,12.750232121064315
LOBO,kiwi-1.csv,PLS,16,12.0,13.515872033414988,13.203848455235418
LOBO,kiwi-1.csv,PLS,17,14.3,13.03677751316526,12.811976279693077
LOBO,kiwi-1.csv,PLS,18,16.1,13.67858261043201,13.33693648923375
LOBO,kiwi-1.csv,PLS,19,14.0,13.163024791088242,12.91523940077864
LOBO,kiwi-1.csv,PLS,20,11.0,12.355169369428843,12.254459433092247
LOBO,kiwi-1.csv,PLS,21,14.8,11.90929761120428,11.88976159472567
LOBO,kiwi-1.csv,PLS,22,16.0,12.700320970666278,12.536773889117196
LOBO,kiwi-1.csv,PLS,23,12.0,12.499910168899872,12.372849207095264
LOBO,kiwi-1.csv,PLS,24,12.9,12.914571496317407,12.712018681218417
LOBO,kiwi-1.csv,PLS,25,10.9,12.193866601061607,12.12252290681321
LOBO,kiwi-1.csv,PLS,26,15.0,12.908325530457018,12.706909834995761
LOBO,kiwi-1.csv,PLS,27,10.8,11.272939486130404,11.369256699852816
LOBO,kiwi-1.csv,PLS,28,9.8,11.851196921287118,11.842238521937274
LOBO,kiwi-1.csv,PLS,29,10.1,12.675560216744936,12.516520995174332
LOBO,kiwi-1.csv,PLS,30,10.9,11.207341427120516,11.315601203893145
LOBO,kiwi-1.csv,PLS,31,11.1,13.404144253259052,13.112461460753826
LOBO,kiwi-1.csv,PLS,32,13.0,11.293653725859969,11.386199774432962
LOBO,kiwi-1.csv,PLS,33,13.1,10.45668914667024,10.701610165000572
LOBO,kiwi-1.csv,PLS,34,12.0,9.493961774210288,9.91415371548119
LOBO,kiwi-1.csv,PLS,35,11.7,11.061194252552465,11.196061094735779
LOBO,kiwi-1.csv,PLS,36,11.6,12.75539948175228,12.581824990836443
LOBO,kiwi-1.csv,PLS,37,12.2,13.361762492325791,13.077795581353714
LOBO,kiwi-1.csv,PLS,38,11.8,12.684967233001752,12.52421540153907
LOBO,kiwi-1.csv,PLS,39,13.2,12.666479437526704,12.509093432224931
LOBO,kiwi-1.csv,PLS,40,11.4,11.200738903549874,11.310200713663475
LOBO,kiwi-1.csv,PLS,41,13.3,12.7268117302675,12.558441829696623
LOBO,kiwi-1.csv,PLS,42,10.8,11.621735796439774,11.654552321415817
LOBO,kiwi-1.csv,PLS,43,11.4,12.539189208375651,12.40497723612086
LOBO,kiwi-1.csv,PLS,44,10.9,11.643415076309322,11.672284744158292
LOBO,kiwi-1.csv,PLS,45,10.7,11.825302939806711,11.821058712051553
LOBO,kiwi-1.csv,PLS,46,13.4,13.17830020093414,12.927733820638615
LOBO,kiwi-1.csv,PLS,47,11.6,11.45505428305909,11.518216286436473
LOBO,kiwi-1.csv,PLS,48,13.1,11.73892987900574,11.750410441587752
LOBO,kiwi-1.csv,PLS,49,11.4,11.411226839968352,11.482367920933415
LOBO,kiwi-1.csv,PLS,50,11.6,11.66312241248337,11.68840422867388
LOBO,kiwi-1.csv,PLS,51,10.0,10.259485735792676,10.540308947018202
LOBO,kiwi-1.csv,PLS,52,9.8,11.545310436430157,11.59204070663474
LOBO,kiwi-1.csv,PLS,53,11.5,11.167337301172015,11.282880095211006
LOBO,kiwi-1.csv,PLS,54,12.8,12.745275876683712,12.57354445542042
LOBO,kiwi-1.csv,PLS,55,14.3,12.970395217507852,12.757679322584897
LOBO,kiwi-1.csv,PLS,56,12.3,11.18514901796166,11.297449070462202
LOBO,kiwi-1.csv,PLS,57,10.9,9.13502319278399,9.620562290732089
LOBO,kiwi-1.csv,PLS,58,13.2,11.555119951606889,11.6000643343133
LOBO,kiwi-1.csv,PLS,59,11.0,9.993094881393883,10.322416319894383
LOBO,kiwi-1.csv,PLS,60,9.3,11.27790193321843,11.37331570043455
LOBO,kiwi-1.csv,PLS,61,12.0,11.518681165930568,11.570259471987475
LOBO,kiwi-1.csv,PLS,62,11.5,11.652481427708716,11.67970050596926
LOBO,kiwi-1.csv,PLS,63,14.8,12.80790126888098,12.624768478337115
LOBO,kiwi-1.csv,PLS,64,13.8,10.923496308479235,11.083431977451037
LOBO,kiwi-1.csv,PLS,65,12.8,12.577351474758729,12.436191808024892
LOBO,kiwi-1.csv,PLS,66,12.0,12.629929442502675,12.479197606952996
LOBO,kiwi-1.csv,PLS,67,12.4,12.6214074957269,12.472227137282127
LOBO,kiwi-1.csv,PLS,68,13.8,12.056695978748944,12.010325108854383
LOBO,kiwi-1.csv,PLS,69,13.2,11.756379197619594,11.764682995662005
LOBO,kiwi-1.csv,PLS,70,12.3,13.480314377086302,13.174764306797558
LOBO,kiwi-1.csv,PLS,71,12.6,12.62470165625604,12.474921573971713
LOBO,kiwi-1.csv,PLS,72,12.5,10.657037022095976,10.865483376840785
LOBO,kiwi-1.csv,PLS,73,12.9,11.81502210513139,11.812649571724695
LOBO,kiwi-1.csv,PLS,74,13.6,12.478895615792949,12.355660493186019
LOBO,kiwi-1.csv,PLS,75,12.7,11.49316701309779,11.549390340417176
LOBO,kiwi-1.csv,PLS,76,12.5,12.378345549627074,12.273416235500063
LOBO,kiwi-1.csv,PLS,77,12.8,12.804823505925324,12.622251042603123
LOBO,kiwi-1.csv,PLS,78,11.8,10.270867345028488,10.549618458573637
LOBO,kiwi-1.csv,PLS,79,15.2,12.079769591155216,12.029198016619125
LOBO,kiwi-1.csv,PLS,80,12.3,9.683279405692655,10.069004812669377
LOBO,kiwi-1.csv,PLS,81,13.9,12.404397809253023,12.294725507941946
LOBO,kiwi-1.csv,PLS,82,12.7,10.855445811113002,11.027770525853251
LOBO,kiwi-1.csv,PLS,83,12.6,11.73496065069306,11.747163837695677
LOBO,kiwi-1.csv,PLS,84,12.9,12.105465874072625,12.050216120280481
LOBO,kiwi-1.csv,PLS,85,14.6,13.280787687015414,13.0115627780552
LOBO,kiwi-1.csv,PLS,86,10.9,11.136056873604762,11.257294477583226
LOBO,kiwi-1.csv,PLS,87,13.1,12.593324548691962,12.449256877583718
LOBO,kiwi-1.csv,PLS,88,14.0,12.51675401728865,12.386626520826958
LOBO,kiwi-1.csv,PLS,89,12.5,10.762712270889798,10.951919743560714
LOBO,kiwi-1.csv,PLS,90,11.7,12.163196207695352,12.09743626260173
LOBO,kiwi-1.csv,PLS,91,9.2,11.568450831431807,11.610968238779085
LOBO,kiwi-1.csv,PLS,92,10.4,9.324319890338868,9.775396265153553
LOBO,kiwi-1.csv,PLS,93,10.2,11.134102152900653,11.255695626787567
LOBO,kiwi-1.csv,PLS,94,10.7,11.733136684268825,11.745671936493366
LOBO,kiwi-1.csv,PLS,95,10.4,10.5999878729038,10.818820404792755
LOBO,kiwi-1.csv,PLS,96,11.6,10.550008993467094,10.777940512854476
LOBO,kiwi-1.csv,PLS,97,11.5,10.44973305168865,10.69592047338754
LOBO,kiwi-1.csv,PLS,98,12.8,11.370196815735506,11.44880768557464
LOBO,kiwi-1.csv,PLS,99,10.2,9.060023391062185,9.559216701868646
LOBO,kiwi-1.csv,PLS,100,10.0,11.753273471274648,11.762142687459777
LOBO,kiwi-1.csv,PLS,101,10.6,11.041077602443968,11.179606814610572
LOBO,kiwi-1.csv,PLS,102,10.7,11.984868064120766,11.951573943937401
LOBO,kiwi-1.csv,PLS,103,9.0,12.268724171105534,12.183752158221964
LOBO,kiwi-1.csv,PLS,104,12.4,11.989901297345783,11.955690843568963
LOBO,kiwi-1.csv,PLS,105,11.3,11.020899284718444,11.163102093868277
LOBO,kiwi-1.csv,PLS,106,10.6,9.722574447592836,10.101145930771551
LOBO,kiwi-1.csv,PLS,107,10.9,11.727798859311283,11.74130589808056
LOBO,kiwi-1.csv,PLS,108,9.4,11.033437573811778,11.17335770401807
LOBO,kiwi-1.csv,PLS,109,10.7,10.66155330204883,10.869177437982543
LOBO,kiwi-1.csv,PLS,110,11.9,11.074664926777633,11.207079343101231
LOBO,kiwi-1.csv,PLS,111,10.8,11.01546949541169,11.158660833827847
LOBO,kiwi-1.csv,PLS,112,9.5,11.216663585734029,11.32322620151308
LOBO,kiwi-1.csv,PLS,113,12.1,11.462302968526918,11.524145300491195
LOBO,kiwi-1.csv,PLS,114,10.5,11.165445888807454,11.281333027050506
LOBO,kiwi-1.csv,PLS,115,9.7,10.212320508177372,10.501730462868718
LOBO,kiwi-1.csv,PLS,116,10.3,9.830150834668585,10.189137320901384
LOBO,kiwi-1.csv,PLS,117,11.1,11.253490995549726,11.35334893636829
LOBO,kiwi-1.csv,PLS,118,10.7,10.918751860676268,11.079551287934223
LOBO,kiwi-1.csv,PLS,119,8.9,11.513670911233843,11.56616136749026
LOBO,kiwi-1.csv,PLS,120,7.3,10.84039779207909,11.015462098795167
LOBO,kiwi-1.csv,PLS,121,9.1,10.14612267528832,10.447584385854729
LOBO,kiwi-1.csv,PLS,122,8.8,11.369497809456632,11.448235938039149
LOBO,kiwi-1.csv,PLS,123,8.0,10.502241744014588,10.738869608948354
LOBO,kiwi-1.csv,PLS,124,8.1,11.335742021048365,11.420625615479416
LOBO,kiwi-1.csv,PLS,125,7.6,10.787400942129814,10.972113677953935
LOBO,kiwi-1.csv,PLS,126,8.3,10.16633265417395,10.4641150036323
LOBO,kiwi-1.csv,PLS,127,10.4,9.905760253859532,10.250981542318078
LOBO,kiwi-1.csv,PLS,128,9.5,9.401018079566787,9.838131038778675
LOBO,kiwi-1.csv,PLS,129,10.0,9.954486994841826,10.290837255937735
LOBO,kiwi-1.csv,PLS,130,8.9,11.386332941410116,11.462006122220581
LOBO,kiwi-1.csv,PLS,131,9.5,11.031800349985078,11.172018547681061
LOBO,kiwi-1.csv,PLS,132,9.4,9.378886901582977,9.820028988980004
LOBO,kiwi-1.csv,PLS,133,11.3,10.433496885800764,10.682640209514691
LOBO,kiwi-1.csv,PLS,134,9.5,9.839823128397,10.197048709209191
LOBO,kiwi-1.csv,PLS,135,8.8,11.57478829231902,11.616151922750241
LOBO,kiwi-1.csv,PLS,136,11.0,13.642340870052616,13.307292798797652
LOBO,kiwi-1.csv,PLS,137,9.9,9.612904351064746,10.0114420049241
LOBO,kiwi-1.csv,PLS,138,9.6,9.421886410857152,9.855200151525843
LOBO,kiwi-1.csv,PLS,139,10.2,12.46761112680362,12.346430420490078
LOBO,kiwi-2.csv,PLS,140,11.5,13.70480254357882,13.35838290911653
LOBO,kiwi-2.csv,PLS,141,11.8,12.448725776236865,12.33098327363351
LOBO,kiwi-2.csv,PLS,142,11.3,11.92276033112201,11.90077333691827
LOBO,kiwi-2.csv,PLS,143,12.9,13.693939553572648,13.349497598709736
LOBO,kiwi-2.csv,PLS,144,12.5,12.65267908414528,12.497805524986893
LOBO,kiwi-2.csv,PLS,145,11.6,14.054926143001154,13.64476417797936
LOBO,kiwi-2.csv,PLS,146,12.5,13.478852913442214,13.173568912332627
LOBO,kiwi-2.csv,PLS,147,12.7,14.155611124011358,13.72711878836468
LOBO,kiwi-2.csv,PLS,148,12.8,13.079710183976236,12.847092772162602
LOBO,kiwi-2.csv,PLS,149,14.4,11.373679654266017,11.451656450180216
LOBO,kiwi-2.csv,PLS,150,16.6,12.714424437587734,12.548309726058767
LOBO,kiwi-2.csv,PLS,151,12.1,12.13676874608201,12.075820096190386
LOBO,kiwi-2.csv,PLS,152,12.2,12.857349444615627,12.665214284712935
LOBO,kiwi-2.csv,PLS,153,14.9,12.246193952641477,12.165323715917191
LOBO,kiwi-2.csv,PLS,154,12.8,12.9444272761921,12.736439017743892
LOBO,kiwi-2.csv,PLS,155,12.6,13.416712471054131,13.122741550886104
LOBO,kiwi-2.csv,PLS,156,12.0,13.086985417306568,12.853043500864842
LOBO,kiwi-2.csv,PLS,157,14.3,13.59287063382816,13.266828948190957
LOBO,kiwi-2.csv,PLS,158,16.1,14.155890719831053,13.727347481905317
LOBO,kiwi-2.csv,PLS,159,14.0,14.119276960976316,13.697399501432258
LOBO,kiwi-2.csv,PLS,160,11.0,12.65888073652497,12.502878125292819
LOBO,kiwi-2.csv,PLS,161,14.8,11.970132397578809,11.939521003522108
LOBO,kiwi-2.csv,PLS,162,16.0,14.449365516377137,13.967393239325823
LOBO,kiwi-2.csv,PLS,163,12.0,13.553951416545758,13.234995233334628
LOBO,kiwi-2.csv,PLS,164,12.9,12.50683987261743,12.378517312149457
LOBO,kiwi-2.csv,PLS,165,10.9,12.479582436849372,12.35622227389987
LOBO,kiwi-2.csv,PLS,166,15.0,13.82267412239032,13.454795182835287
LOBO,kiwi-2.csv,PLS,167,10.8,10.921699029203696,11.081961904824459
LOBO,kiwi-2.csv,PLS,168,9.8,11.488635216666474,11.545683587675088
LOBO,kiwi-2.csv,PLS,169,10.1,11.32410185583608,11.411104619783133
LOBO,kiwi-2.csv,PLS,170,10.9,12.113521018269171,12.056804771887188
LOBO,kiwi-2.csv,PLS,171,11.1,10.997256149018638,11.143763348314483
LOBO,kiwi-2.csv,PLS,172,13.0,12.642304007402856,12.489319299988216
LOBO,kiwi-2.csv,PLS,173,13.1,11.566241131981313,11.609160829814131
LOBO,kiwi-2.csv,PLS,174,12.0,10.758122233131347,10.94816535271256
LOBO,kiwi-2.csv,PLS,175,11.7,13.566640939914771,13.245374544554089
LOBO,kiwi-2.csv,PLS,176,11.6,12.151315021266065,12.087718125204455
LOBO,kiwi-2.csv,PLS,177,12.2,10.561982274700563,10.78773397858415
LOBO,kiwi-2.csv,PLS,178,11.8,12.961828226224714,12.750672009058905
LOBO,kiwi-2.csv,PLS,179,13.2,12.674220574621366,12.515425243811663
LOBO,kiwi-2.csv,PLS,180,11.4,9.436787789387171,9.867388634959331
LOBO,kiwi-2.csv,PLS,181,13.3,13.28169481246232,13.012304755279619
LOBO,kiwi-2.csv,PLS,182,10.8,15.860866416418386,15.121921010152379
LOBO,kiwi-2.csv,PLS,183,11.4,12.192543684317004,12.121440835862995
LOBO,kiwi-2.csv,PLS,184,10.9,11.337126089581943,11.421757705128595
LOBO,kiwi-2.csv,PLS,185,10.7,10.08508930904244,10.39766254997362
LOBO,kiwi-2.csv,PLS,186,13.4,14.630819403391186,14.115812239041674
LOBO,kiwi-2.csv,PLS,187,11.6,9.842108757335092,10.198918224193386
LOBO,kiwi-2.csv,PLS,188,13.1,8.569151001994474,9.157710896881849
LOBO,kiwi-2.csv,PLS,189,11.4,12.291275376465451,12.202197766618582
LOBO,kiwi-2.csv,PLS,190,11.6,11.903394781828288,11.884933414707623
LOBO,kiwi-2.csv,PLS,191,10.0,4.669808262664584,5.9682694445981905
LOBO,kiwi-2.csv,PLS,192,9.8,9.71069811798096,10.091431765975766
LOBO,kiwi-2.csv,PLS,193,11.5,10.779844682839414,10.965933085937253
LOBO,kiwi-2.csv,PLS,194,12.8,13.443633780929652,13.14476165719805
LOBO,kiwi-2.csv,PLS,195,14.3,11.83850100237153,11.83185397952304
LOBO,kiwi-2.csv,PLS,196,12.3,10.844044561853018,11.018444949870705
LOBO,kiwi-2.csv,PLS,197,10.9,11.480681564747442,11.539177951001571
LOBO,kiwi-2.csv,PLS,198,13.2,9.95957955873911,10.295002684697964
LOBO,kiwi-2.csv,PLS,199,11.0,11.493203405033585,11.549420106958953
LOBO,kiwi-2.csv,PLS,200,9.3,10.356132023330508,10.619360134946211
LOBO,kiwi-2.csv,PLS,201,12.0,11.054880352747956,11.190896682395476
LOBO,kiwi-2.csv,PLS,202,11.5,12.410178696343168,12.299453946078536
LOBO,kiwi-2.csv,PLS,203,14.8,14.01189065545883,13.609563587248442
LOBO,kiwi-2.csv,PLS,204,13.8,12.800367593352185,12.618606358557996
LOBO,kiwi-2.csv,PLS,205,12.8,13.6181821320497,13.287532319770204
LOBO,kiwi-2.csv,PLS,206,12.0,11.350193115197015,11.432445791798793
LOBO,kiwi-2.csv,PLS,207,12.4,13.856056673145323,13.482100218139587
LOBO,kiwi-2.csv,PLS,208,13.8,13.527694535170188,13.213518591893939
LOBO,kiwi-2.csv,PLS,209,13.2,12.552434545815288,12.415811171761696
LOBO,kiwi-2.csv,PLS,210,12.3,12.908304169900962,12.70689236327104
LOBO,kiwi-2.csv,PLS,211,12.6,11.465931989594225,11.52711363413023
LOBO,kiwi-2.csv,PLS,212,12.5,11.8516141929398,11.842579826509581
LOBO,kiwi-2.csv,PLS,213,12.9,12.7836156159736,12.604904190107895
LOBO,kiwi-2.csv,PLS,214,13.6,13.308700136692456,13.034393580573997
LOBO,kiwi-2.csv,PLS,215,12.7,12.982073898324604,12.76723182186362
LOBO,kiwi-2.csv,PLS,216,12.5,12.527674405927048,12.395558780063125
LOBO,kiwi-2.csv,PLS,217,12.8,11.949760725849508,11.92285813015876
LOBO,kiwi-2.csv,PLS,218,11.8,13.070613051888936,12.839651833492738
LOBO,kiwi-2.csv,PLS,219,15.2,15.645981476789014,14.946157303358252
LOBO,kiwi-2.csv,PLS,220,12.3,13.704513892346927,13.35814680876173
LOBO,kiwi-2.csv,PLS,221,13.9,13.173369895257244,12.923701109910287
LOBO,kiwi-2.csv,PLS,222,12.7,13.067333217622076,12.836969114874076
LOBO,kiwi-2.csv,PLS,223,12.6,12.776410867195782,12.599011113776468
LOBO,kiwi-2.csv,PLS,224,12.9,11.47015345574238,11.530566554281755
LOBO,kiwi-2.csv,PLS,225,14.6,12.554750923210952,12.4177058372422
LOBO,kiwi-2.csv,PLS,226,10.9,11.043342533168,11.181459399628276
LOBO,kiwi-2.csv,PLS,227,13.1,12.380632596632267,12.27528691038281
LOBO,kiwi-2.csv,PLS,228,14.0,11.849360552224269,11.84073647607922
LOBO,kiwi-2.csv,PLS,229,12.5,11.12654785039744,11.249516635311949
LOBO,kiwi-2.csv,PLS,230,11.7,11.435411562756164,11.502149654042798
LOBO,kiwi-2.csv,PLS,231,9.2,9.831199115755677,10.18999475544262
LOBO,kiwi-2.csv,PLS,232,10.4,11.86399690731361,11.85270818535254
LOBO,kiwi-2.csv,PLS,233,10.2,11.1002387200913,11.227997257206098
LOBO,kiwi-2.csv,PLS,234,10.7,11.23640263052236,11.33937162187877
LOBO,kiwi-2.csv,PLS,235,10.4,10.76074755767642,10.950312719458577
LOBO,kiwi-2.csv,PLS,236,11.6,11.292318457054895,11.38510760019706
LOBO,kiwi-2.csv,PLS,237,11.5,11.057774481940708,11.19326391611477
LOBO,kiwi-2.csv,PLS,238,12.8,10.916568403774036,11.077765343887036
LOBO,kiwi-2.csv,PLS,239,10.2,10.641414443122676,10.852704992302682
LOBO,kiwi-2.csv,PLS,240,10.0,11.606530842308368,11.642115530338788
LOBO,kiwi-2.csv,PLS,241,10.6,9.953003726181793,10.289624026205075
LOBO,kiwi-2.csv,PLS,242,10.7,11.901272714586874,11.88319768392509
LOBO,kiwi-2.csv,PLS,243,9.0,11.21792078074484,11.32425451580837
LOBO,kiwi-2.csv,PLS,244,12.4,12.077616219792066,12.027436680838477
LOBO,kiwi-2.csv,PLS,245,11.3,10.805894159496416,10.987240082068201
LOBO,kiwi-2.csv,PLS,246,10.6,10.174447318188731,10.470752339078361
LOBO,kiwi-2.csv,PLS,247,10.9,11.269093699920727,11.366111064607663
LOBO,kiwi-2.csv,PLS,248,9.4,9.535467875838002,9.948103355177874
LOBO,kiwi-2.csv,PLS,249,10.7,11.966775768805412,11.93677547134772
LOBO,kiwi-2.csv,PLS,250,11.9,10.1006867710348,10.41042039024426
LOBO,kiwi-2.csv,PLS,251,10.8,10.655723265165358,10.864408798099483
LOBO,kiwi-2.csv,PLS,252,9.5,11.43452567667195,11.501425049413793
LOBO,kiwi-2.csv,PLS,253,12.1,11.657720062231528,11.68398541222587
LOBO,kiwi-2.csv,PLS,254,10.5,10.339369311697851,10.605649186484404
LOBO,kiwi-2.csv,PLS,255,9.7,11.66844507561972,11.692757865575912
LOBO,kiwi-2.csv,PLS,256,10.3,11.337205893326177,11.421822980070276
LOBO,kiwi-2.csv,PLS,257,11.1,9.571486189077476,9.977564294871279
LOBO,kiwi-2.csv,PLS,258,10.7,8.26927547637614,8.912429705699145
LOBO,kiwi-2.csv,PLS,259,8.9,10.53336654882612,10.764327935978411
LOBO,kiwi-2.csv,PLS,260,7.3,8.5159228695417,9.114173300055544
LOBO,kiwi-2.csv,PLS,261,9.1,10.687602314567505,10.890484054474632
LOBO,kiwi-2.csv,PLS,262,8.8,9.067789746430536,9.56556914057457
LOBO,kiwi-2.csv,PLS,263,8.0,7.508748981578174,8.290362118871556
LOBO,kiwi-2.csv,PLS,264,8.1,9.95236093429521,10.289098258857779
LOBO,kiwi-2.csv,PLS,265,7.6,9.006506489368352,9.515442908162726
LOBO,kiwi-2.csv,PLS,266,8.3,8.976050558159574,9.490531681846193
LOBO,kiwi-2.csv,PLS,267,10.4,9.007007253006334,9.515852504448958
LOBO,kiwi-2.csv,PLS,268,9.5,7.901304223972647,8.611450067816346
LOBO,kiwi-2.csv,PLS,269,10.0,9.260665544454834,9.723330616414138
LOBO,kiwi-2.csv,PLS,270,8.9,8.31036102726527,8.946035358717022
LOBO,kiwi-2.csv,PLS,271,9.5,8.970686882996787,9.48614449942998
LOBO,kiwi-2.csv,PLS,272,9.4,7.480105274738172,8.266933189421188
LOBO,kiwi-2.csv,PLS,273,11.3,9.624635594591002,10.021037497521377
LOBO,kiwi-2.csv,PLS,274,9.5,8.737865056897611,9.295709435677491
LOBO,kiwi-2.csv,PLS,275,8.8,9.27797029240819,9.73748491987843
LOBO,kiwi-2.csv,PLS,276,11.0,8.486205371590955,9.089866070309807
LOBO,kiwi-2.csv,PLS,277,9.9,8.644142332810588,9.219049557024336
LOBO,kiwi-2.csv,PLS,278,9.6,8.407158058864217,9.025209846746957
LOBO,kiwi-2.csv,PLS,279,10.2,13.072724464029983,12.841378849006812
LOBO,kiwi-3.csv,PLS,280,11.5,11.14799454334453,11.267058815128541
LOBO,kiwi-3.csv,PLS,281,11.8,13.053916405615151,12.825994922751704
LOBO,kiwi-3.csv,PLS,282,11.3,11.930104583189848,11.906780519037689
LOBO,kiwi-3.csv,PLS,283,12.9,12.972215664101851,12.759168344765484
LOBO,kiwi-3.csv,PLS,284,12.5,12.31463888678867,12.221307794455873
LOBO,kiwi-3.csv,PLS,285,11.6,12.090634375977675,12.038084795083961
LOBO,kiwi-3.csv,PLS,286,12.5,12.14809633028728,12.085085418331504
LOBO,kiwi-3.csv,PLS,287,12.7,12.270516033086588,12.185217799808557
LOBO,kiwi-3.csv,PLS,288,12.8,11.40388055558633,11.47635907649613
LOBO,kiwi-3.csv,PLS,289,14.4,12.163998559988952,12.098092541322433
LOBO,kiwi-3.csv,PLS,290,16.6,13.154759729906818,12.908479048970678
LOBO,kiwi-3.csv,PLS,291,12.1,11.782017707162328,11.785653843975899
LOBO,kiwi-3.csv,PLS,292,12.2,11.573655347544353,11.615225238109
LOBO,kiwi-3.csv,PLS,293,14.9,12.185469062669569,12.115654196152162
LOBO,kiwi-3.csv,PLS,294,12.8,12.885449618757264,12.68819863520866
LOBO,kiwi-3.csv,PLS,295,12.6,13.701326960227505,13.355540078836508
LOBO,kiwi-3.csv,PLS,296,12.0,12.514296710387782,12.384616582995243
LOBO,kiwi-3.csv,PLS,297,14.3,13.090616109168812,12.85601320111948
LOBO,kiwi-3.csv,PLS,298,16.1,12.685854215646698,12.52494090309263
LOBO,kiwi-3.csv,PLS,299,14.0,12.608654130400094,12.461795606958015
LOBO,kiwi-3.csv,PLS,300,11.0,11.071995300582923,11.204895740115623
LOBO,kiwi-3.csv,PLS,301,14.8,12.634278771360636,12.482755111557367
LOBO,kiwi-3.csv,PLS,302,16.0,13.449988183313923,13.149959198354017
LOBO,kiwi-3.csv,PLS,303,12.0,12.697261699194836,12.534271578369697
LOBO,kiwi-3.csv,PLS,304,12.9,13.222574408507615,12.963947614178117
LOBO,kiwi-3.csv,PLS,305,10.9,12.051329598654576,12.005935713957378
LOBO,kiwi-3.csv,PLS,306,15.0,12.51899614167484,12.388460451552351
LOBO,kiwi-3.csv,PLS,307,10.8,9.941786199790702,10.280448725120879
LOBO,kiwi-3.csv,PLS,308,9.8,11.632145836880229,11.663067144738694
LOBO,kiwi-3.csv,PLS,309,10.1,12.143694231649013,12.081484751036394
LOBO,kiwi-3.csv,PLS,310,10.9,12.35252418550116,12.252295822496345
LOBO,kiwi-3.csv,PLS,311,11.1,12.898330406386318,12.69873438975719
LOBO,kiwi-3.csv,PLS,312,13.0,12.98090503514323,12.76627575800057
LOBO,kiwi-3.csv,PLS,313,13.1,12.322725668299626,12.227922323593425
LOBO,kiwi-3.csv,PLS,314,12.0,12.42835139919614,12.314318187478682
LOBO,kiwi-3.csv,PLS,315,11.7,12.167194553164048,12.10070668267786
LOBO,kiwi-3.csv,PLS,316,11.6,12.545128758083049,12.40983545128969
LOBO,kiwi-3.csv,PLS,317,12.2,12.420229297667674,12.30767476856778
LOBO,kiwi-3.csv,PLS,318,11.8,13.006847603219985,12.78749530896954
LOBO,kiwi-3.csv,PLS,319,13.2,13.21712838978526,12.959493079395168
LOBO,kiwi-3.csv,PLS,320,11.4,12.716265713532014,12.549815785467842
LOBO,kiwi-3.csv,PLS,321,13.3,11.92493795003246,11.90255450581892
LOBO,kiwi-3.csv,PLS,322,10.8,10.92367668178084,11.083579512593106
LOBO,kiwi-3.csv,PLS,323,11.4,12.682508337825208,12.522204164587832
LOBO,kiwi-3.csv,PLS,324,10.9,12.838626358116755,12.64989986067119
LOBO,kiwi-3.csv,PLS,325,10.7,12.176181990301078,12.108057897092923
LOBO,kiwi-3.csv,PLS,326,13.4,14.075358235531754,13.661476472135165
LOBO,kiwi-3.csv,PLS,327,11.6,11.531876165577238,11.581052234165439
LOBO,kiwi-3.csv,PLS,328,13.1,13.77358028736399,13.414639207084496
LOBO,kiwi-3.csv,PLS,329,11.4,10.71004843351354,10.908843708138132
LOBO,kiwi-3.csv,PLS,330,11.6,10.192884679462214,10.485833056072856
LOBO,kiwi-3.csv,PLS,331,10.0,10.516957527067351,10.75090628579594
LOBO,kiwi-3.csv,PLS,332,9.8,11.49896866484814,11.55413576286944
LOBO,kiwi-3.csv,PLS,333,11.5,10.937811299746272,11.095140829323855
LOBO,kiwi-3.csv,PLS,334,12.8,12.50480906991801,12.376856230591889
LOBO,kiwi-3.csv,PLS,335,14.3,13.038495298748902,12.813381330983221
LOBO,kiwi-3.csv,PLS,336,12.3,11.749890095494608,11.759375277749244
LOBO,kiwi-3.csv,PLS,337,10.9,11.831522605585878,11.826146046297742
LOBO,kiwi-3.csv,PLS,338,13.2,12.147380087767347,12.084499572527307
LOBO,kiwi-3.csv,PLS,339,11.0,13.293792976724465,13.022200368251783
LOBO,kiwi-3.csv,PLS,340,9.3,11.44232835688274,11.507807199782931
LOBO,kiwi-3.csv,PLS,341,12.0,11.984838695880896,11.951549922380979
LOBO,kiwi-3.csv,PLS,342,11.5,13.208761933099222,12.952649791808764
LOBO,kiwi-3.csv,PLS,343,14.8,13.569910596202105,13.248048938162109
LOBO,kiwi-3.csv,PLS,344,13.8,12.40541596404615,12.295558300881455
LOBO,kiwi-3.csv,PLS,345,12.8,13.27622843782602,13.00783357051228
LOBO,kiwi-3.csv,PLS,346,12.0,12.017736135268338,11.978458164069508
LOBO,kiwi-3.csv,PLS,347,12.4,12.869345039300615,12.67502600158183
LOBO,kiwi-3.csv,PLS,348,13.8,12.501725783803987,12.374334277227256
LOBO,kiwi-3.csv,PLS,349,13.2,13.37266583177142,13.086713895316077
LOBO,kiwi-3.csv,PLS,350,12.3,12.737530457319368,12.56720914117969
LOBO,kiwi-3.csv,PLS,351,12.6,13.65274699742128,13.31580442144949
LOBO,kiwi-3.csv,PLS,352,12.5,12.462217587493033,12.342018810892851
LOBO,kiwi-3.csv,PLS,353,12.9,13.28896768189874,13.01825355045056
LOBO,kiwi-3.csv,PLS,354,13.6,13.076366651874938,12.844357952324028
LOBO,kiwi-3.csv,PLS,355,12.7,12.415461619053378,12.30377507756339
LOBO,kiwi-3.csv,PLS,356,12.5,11.652848178088028,11.68000048700212
LOBO,kiwi-3.csv,PLS,357,12.8,12.311169926931877,12.218470381819131
LOBO,kiwi-3.csv,PLS,358,11.8,11.713240357742691,11.729397868576596
LOBO,kiwi-3.csv,PLS,359,15.2,13.471665455835245,13.167689979199363
LOBO,kiwi-3.csv,PLS,360,12.3,13.069920166154766,12.83908509221607
LOBO,kiwi-3.csv,PLS,361,13.9,13.389946912920502,13.10084884067526
LOBO,kiwi-3.csv,PLS,362,12.7,13.808246122547844,13.442993896350005
LOBO,kiwi-3.csv,PLS,363,12.6,12.325986926785896,12.230589848275935
LOBO,kiwi-3.csv,PLS,364,12.9,11.563966389887364,11.607300219651675
LOBO,kiwi-3.csv,PLS,365,14.6,12.989857615121611,12.773598461234613
LOBO,kiwi-3.csv,PLS,366,10.9,12.570411518693296,12.430515317130963
LOBO,kiwi-3.csv,PLS,367,13.1,12.97098055505682,12.758158095538972
LOBO,kiwi-3.csv,PLS,368,14.0,12.163070385842012,12.097333347453853
LOBO,kiwi-3.csv,PLS,369,12.5,11.811817321105034,11.810028239950961
LOBO,kiwi-3.csv,PLS,370,11.7,11.674869663107016,11.698012814169973
LOBO,kiwi-3.csv,PLS,371,9.2,10.87930075066177,11.047282514956224
LOBO,kiwi-3.csv,PLS,372,10.4,11.021370239827093,11.16348730846625
LOBO,kiwi-3.csv,PLS,373,10.2,11.470226647233284,11.530626420774816
LOBO,kiwi-3.csv,PLS,374,10.7,12.97038150881662,12.757668109652105
LOBO,kiwi-3.csv,PLS,375,10.4,11.217186806072094,11.323654166107747
LOBO,kiwi-3.csv,PLS,376,11.6,10.94466840114702,11.100749549796017
LOBO,kiwi-3.csv,PLS,377,11.5,11.712027396636296,11.728405735109147
LOBO,kiwi-3.csv,PLS,378,12.8,10.4755381727898,10.717027600517214
LOBO,kiwi-3.csv,PLS,379,10.2,10.090792334906352,10.402327302038204
LOBO,kiwi-3.csv,PLS,380,10.0,10.8366896404278,11.012429040821399
LOBO,kiwi-3.csv,PLS,381,10.6,10.742172340278517,10.935119243964232
LOBO,kiwi-3.csv,PLS,382,10.7,10.537666271964566,10.76784486591452
LOBO,kiwi-3.csv,PLS,383,9.0,11.685094175419255,11.706375885994648
LOBO,kiwi-3.csv,PLS,384,12.4,11.985292299633455,11.951920944552674
LOBO,kiwi-3.csv,PLS,385,11.3,11.28730869456183,11.381009898294554
LOBO,kiwi-3.csv,PLS,386,10.6,10.535664075316028,10.766207182485962
LOBO,kiwi-3.csv,PLS,387,10.9,11.121311580647454,11.24523366330554
LOBO,kiwi-3.csv,PLS,388,9.4,11.043391356706032,11.181499334516399
LOBO,kiwi-3.csv,PLS,389,10.7,10.832834856949448,11.009276046320192
LOBO,kiwi-3.csv,PLS,390,11.9,10.683844761786506,10.887410589175474
LOBO,kiwi-3.csv,PLS,391,10.8,10.93907409205967,11.096173721895559
LOBO,kiwi-3.csv,PLS,392,9.5,10.767806612233755,10.956086626171626
LOBO,kiwi-3.csv,PLS,393,12.1,11.363201433445196,11.443085859168807
LOBO,kiwi-3.csv,PLS,394,10.5,10.978764190539064,11.128637973898487
LOBO,kiwi-3.csv,PLS,395,9.7,9.673948425746069,10.061372599698739
LOBO,kiwi-3.csv,PLS,396,10.3,10.943339240316549,11.099662371537308
LOBO,kiwi-3.csv,PLS,397,11.1,10.292873063144528,10.567617889308117
LOBO,kiwi-3.csv,PLS,398,10.7,10.524092776287972,10.75674251542692
LOBO,kiwi-3.csv,PLS,399,8.9,10.073316963748596,10.388033438458987
LOBO,kiwi-3.csv,PLS,400,7.3,9.267273408017475,9.728735474454737
LOBO,kiwi-3.csv,PLS,401,9.1,9.77107574395794,10.140817243466405
LOBO,kiwi-3.csv,PLS,402,8.8,9.542476056165572,9.95383564965314
LOBO,kiwi-3.csv,PLS,403,8.0,10.470720246525964,10.713086809782167
LOBO,kiwi-3.csv,PLS,404,8.1,9.813335935107249,10.175383685670507
LOBO,kiwi-3.csv,PLS,405,7.6,10.084247249046811,10.39697379260221
LOBO,kiwi-3.csv,PLS,406,8.3,10.519567258689902,10.753040898414714
LOBO,kiwi-3.csv,PLS,407,10.4,8.654200639236464,9.227276681849986
LOBO,kiwi-3.csv,PLS,408,9.5,6.700623261704125,7.629361062558715
LOBO,kiwi-3.csv,PLS,409,10.0,9.68387196351921,10.069489491401468
LOBO,kiwi-3.csv,PLS,410,8.9,9.949780235671312,10.286987393587104
LOBO,kiwi-3.csv,PLS,411,9.5,8.742862401304443,9.299796980288978
LOBO,kiwi-3.csv,PLS,412,9.4,9.54397098811065,9.955058419292207
LOBO,kiwi-3.csv,PLS,413,11.3,9.314732741790095,9.767554520778983
LOBO,kiwi-3.csv,PLS,414,9.5,9.656719557495077,10.047280361532188
LOBO,kiwi-3.csv,PLS,415,8.8,9.550673416077473,9.960540625658094
LOBO,kiwi-3.csv,PLS,416,11.0,10.695881501008849,10.897255959944975
LOBO,kiwi-3.csv,PLS,417,9.9,8.539174910161572,9.133192151990563
LOBO,kiwi-3.csv,PLS,418,9.6,9.199810857474278,9.673554930049391
LOBO,kiwi-3.csv,PLS,419,10.2,11.784600795903922,11.78776666422744
LOBO,kiwi-1.csv,SVR,0,11.5,11.9274464631028,11.896049652228012
LOBO,kiwi-1.csv,SVR,1,11.8,11.786415472480453,11.78253666043975
LOBO,kiwi-1.csv,SVR,2,11.3,11.636755246192024,11.662078171403115
LOBO,kiwi-1.csv,SVR,3,12.9,12.561942498241908,12.406742677275924
LOBO,kiwi-1.csv,SVR,4,12.5,11.792188713286636,11.787183425192179
LOBO,kiwi-1.csv,SVR,5,11.6,12.864777380270102,12.650488348529958
LOBO,kiwi-1.csv,SVR,6,12.5,11.380667492356178,11.455958318100201
LOBO,kiwi-1.csv,SVR,7,12.7,11.608507924388183,11.639342473427725
LOBO,kiwi-1.csv,SVR,8,12.8,11.822221001591304,11.811355806600455
LOBO,kiwi-1.csv,SVR,9,14.4,12.664450263318365,12.48924910401241
LOBO,kiwi-1.csv,SVR,10,16.6,12.43090534327186,12.301273521663857
LOBO,kiwi-1.csv,SVR,11,12.1,11.41612147465802,11.484494511344897
LOBO,kiwi-1.csv,SVR,12,12.2,12.335539482013091,12.224515468854493
LOBO,kiwi-1.csv,SVR,13,14.9,12.686935229544224,12.507346798535382
LOBO,kiwi-1.csv,SVR,14,12.8,11.63181688351514,11.658103383170296
LOBO,kiwi-1.csv,SVR,15,12.6,13.087315847349211,12.829605059507102
LOBO,kiwi-1.csv,SVR,16,12.0,11.9681532676672,11.928813735865617
LOBO,kiwi-1.csv,SVR,17,14.3,12.069475354930333,12.010365834512276
LOBO,kiwi-1.csv,SVR,18,16.1,12.537844164282289,12.387346415696834
LOBO,kiwi-1.csv,SVR,19,14.0,12.682349139797353,12.503655547658681
LOBO,kiwi-1.csv,SVR,20,11.0,12.662973821703613,12.488060746019947
LOBO,kiwi-1.csv,SVR,21,14.8,12.265819394711633,12.168399180779058
LOBO,kiwi-1.csv,SVR,22,16.0,12.40498996581848,12.280414758529075
LOBO,kiwi-1.csv,SVR,23,12.0,12.421457750552198,12.293669345375557
LOBO,kiwi-1.csv,SVR,24,12.9,13.01198737860977,12.768974698650178
LOBO,kiwi-1.csv,SVR,25,10.9,11.76281533448188,11.763541386712946
LOBO,kiwi-1.csv,SVR,26,15.0,11.774668700401833,11.773081921189782
LOBO,kiwi-1.csv,SVR,27,10.8,11.089440401328742,11.221555523037665
LOBO,kiwi-1.csv,SVR,28,9.8,12.10082165833709,12.035595840098294
LOBO,kiwi-1.csv,SVR,29,10.1,12.395080459760388,12.272438797537564
LOBO,kiwi-1.csv,SVR,30,10.9,9.076890064933858,9.601694464127563
LOBO,kiwi-1.csv,SVR,31,11.1,11.740462356306118,11.745549926701841
LOBO,kiwi-1.csv,SVR,32,13.0,11.377565711809403,11.453461757676275
LOBO,kiwi-1.csv,SVR,33,13.1,11.365619680122643,11.443846638398039
LOBO,kiwi-1.csv,SVR,34,12.0,10.675772516571946,10.88860260965137
LOBO,kiwi-1.csv,SVR,35,11.7,10.817795630390288,11.002914141332905
LOBO,kiwi-1.csv,SVR,36,11.6,11.701640064212135,11.714302649034577
LOBO,kiwi-1.csv,SVR,37,12.2,12.972094560062809,12.736865775893918
LOBO,kiwi-1.csv,SVR,38,11.8,12.000062809870212,11.95449708096639
LOBO,kiwi-1.csv,SVR,39,13.2,12.314634074930083,12.207689129536645
LOBO,kiwi-1.csv,SVR,40,11.4,11.198364694096338,11.309226483128835
LOBO,kiwi-1.csv,SVR,41,13.3,12.633017394878262,12.46394942398196
LOBO,kiwi-1.csv,SVR,42,10.8,11.744052161221418,11.748439288068969
LOBO,kiwi-1.csv,SVR,43,11.4,11.816693802385709,11.80690707575578
LOBO,kiwi-1.csv,SVR,44,10.9,9.85448020225482,10.227561037728453
LOBO,kiwi-1.csv,SVR,45,10.7,12.033418277394162,11.981344222111977
LOBO,kiwi-1.csv,SVR,46,13.4,12.501921273310469,12.358432807348056
LOBO,kiwi-1.csv,SVR,47,11.6,11.285374372235314,11.379258813161437
LOBO,kiwi-1.csv,SVR,48,13.1,11.097076836366067,11.227701935140836
LOBO,kiwi-1.csv,SVR,49,11.4,10.894300845422356,11.064491641479302
LOBO,kiwi-1.csv,SVR,50,11.6,10.944085173681929,11.104562040332599
LOBO,kiwi-1.csv,SVR,51,10.0,11.016309648547391,11.162694059303298
LOBO,kiwi-1.csv,SVR,52,9.8,12.184024089185115,12.102563793793706
LOBO,kiwi-1.csv,SVR,53,11.5,12.226060675825998,12.136398192127833
LOBO,kiwi-1.csv,SVR,54,12.8,12.216960473869868,12.1290736236386
LOBO,kiwi-1.csv,SVR,55,14.3,12.36517903853284,12.248371748392678
LOBO,kiwi-1.csv,SVR,56,12.3,11.47198631139208,11.529458988481888
LOBO,kiwi-1.csv,SVR,57,10.9,11.872334882733464,11.851691455903243
LOBO,kiwi-1.csv,SVR,58,13.2,11.854114433360383,11.837026184738814
LOBO,kiwi-1.csv,SVR,59,11.0,11.197688076134153,11.308681887016688
LOBO,kiwi-1.csv,SVR,60,9.3,12.471493687887142,12.333942259284449
LOBO,kiwi-1.csv,SVR,61,12.0,11.3455396526715,11.427684630451337
LOBO,kiwi-1.csv,SVR,62,11.5,11.773915481501694,11.772475670532044
LOBO,kiwi-1.csv,SVR,63,14.8,11.423505699141604,11.4904379242747
LOBO,kiwi-1.csv,SVR,64,13.8,11.676809961283212,11.694317401413223
LOBO,kiwi-1.csv,SVR,65,12.8,11.451983709228497,11.5133592985831
LOBO,kiwi-1.csv,SVR,66,12.0,11.605809841102944,11.637170840764224
LOBO,kiwi-1.csv,SVR,67,12.4,12.375269583775273,12.256493424161874
LOBO,kiwi-1.csv,SVR,68,13.8,11.463464886404823,11.522600265868268
LOBO,kiwi-1.csv,SVR,69,13.2,12.419407905129926,12.292019466256374
LOBO,kiwi-1.csv,SVR,70,12.3,11.636531881470496,11.661898389656644
LOBO,kiwi-1.csv,SVR,71,12.6,12.481141372972637,12.341707485870838
LOBO,kiwi-1.csv,SVR,72,12.5,12.7254917512527,12.538380162994958
LOBO,kiwi-1.csv,SVR,73,12.9,11.49612784424955,11.548890019980096
LOBO,kiwi-1.csv,SVR,74,13.6,12.367877253301788,12.250543486884757
LOBO,kiwi-1.csv,SVR,75,12.7,11.464463115936356,11.523403720627508
LOBO,kiwi-1.csv,SVR,76,12.5,12.04647556157162,11.991853766043223
LOBO,kiwi-1.csv,SVR,77,12.8,12.192822987266098,12.109645848888157
LOBO,kiwi-1.csv,SVR,78,11.8,12.031459929969042,11.979767987880017
LOBO,kiwi-1.csv,SVR,79,15.2,11.81258352459666,11.803598796299916
LOBO,kiwi-1.csv,SVR,80,12.3,10.926971632976002,11.090787697565471
LOBO,kiwi-1.csv,SVR,81,13.9,12.426372581548677,12.297625193434783
LOBO,kiwi-1.csv,SVR,82,12.7,11.0579459571393,11.196206281932032
LOBO,kiwi-1.csv,SVR,83,12.6,12.460178962208628,12.32483526544314
LOBO,kiwi-1.csv,SVR,84,12.9,11.448381382986623,11.510459859053478
LOBO,kiwi-1.csv,SVR,85,14.6,12.620611003798988,12.45396377074015
LOBO,kiwi-1.csv,SVR,86,10.9,10.366362556113293,10.639564790759497
LOBO,kiwi-1.csv,SVR,87,13.1,11.721399283067107,11.730206444631058
LOBO,kiwi-1.csv,SVR,88,14.0,12.59565035132267,12.433873446428658
LOBO,kiwi-1.csv,SVR,89,12.5,10.31469502263834,10.597978638118995
LOBO,kiwi-1.csv,SVR,90,11.7,11.738284742890944,11.74379720970947
LOBO,kiwi-1.csv,SVR,91,9.2,11.451717708158824,11.513145199702393
LOBO,kiwi-1.csv,SVR,92,10.4,9.253669627725124,9.743980758586009
LOBO,kiwi-1.csv,SVR,93,10.2,11.010820557517372,11.158276000958349
LOBO,kiwi-1.csv,SVR,94,10.7,11.537871115581432,11.58248833475475
LOBO,kiwi-1.csv,SVR,95,10.4,11.500418318313898,11.552343335773205
LOBO,kiwi-1.csv,SVR,96,11.6,11.403676558097782,11.474477849722696
LOBO,kiwi-1.csv,SVR,97,11.5,10.961584978259054,11.118647279076889
LOBO,kiwi-1.csv,SVR,98,12.8,10.958802705840087,11.116407884282502
LOBO,kiwi-1.csv,SVR,99,10.2,10.928151995978144,11.09173774787128
LOBO,kiwi-1.csv,SVR,100,10.0,11.35444249385855,11.434850347249455
LOBO,kiwi-1.csv,SVR,101,10.6,11.786133892887603,11.782310022720836
LOBO,kiwi-1.csv,SVR,102,10.7,11.56564867378608,11.604845929510827
LOBO,kiwi-1.csv,SVR,103,9.0,11.696517319063824,11.710179455079919
LOBO,kiwi-1.csv,SVR,104,12.4,11.49352083037018,11.546791687239363
LOBO,kiwi-1.csv,SVR,105,11.3,11.156086212136907,11.275197388145505
LOBO,kiwi-1.csv,SVR,106,10.6,11.229163295013167,11.334015654058819
LOBO,kiwi-1.csv,SVR,107,10.9,11.171564993229117,11.287655945965023
LOBO,kiwi-1.csv,SVR,108,9.4,11.032143489823005,11.175438397882813
LOBO,kiwi-1.csv,SVR,109,10.7,11.075497170488678,11.210332898557288
LOBO,kiwi-1.csv,SVR,110,11.9,11.793696930427744,11.788397358663099
LOBO,kiwi-1.csv,SVR,111,10.8,12.052694076883911,11.996858923239271
LOBO,kiwi-1.csv,SVR,112,9.5,11.372945985983712,11.449743433800071
LOBO,kiwi-1.csv,SVR,113,12.1,12.061443080597645,12.003900819366711
LOBO,kiwi-1.csv,SVR,114,10.5,11.284179056995542,11.378296728101992
LOBO,kiwi-1.csv,SVR,115,9.7,11.043581822294437,11.184644880331609
LOBO,kiwi-1.csv,SVR,116,10.3,10.208834843653802,10.512773921235501
LOBO,kiwi-1.csv,SVR,117,11.1,11.817802569487036,11.807799499969157
LOBO,kiwi-1.csv,SVR,118,10.7,11.976257582703354,11.935336735116271
LOBO,kiwi-1.csv,SVR,119,8.9,11.595446037234542,11.62882922465405
LOBO,kiwi-1.csv,SVR,120,7.3,11.377690936844008,11.453562548773762
LOBO,kiwi-1.csv,SVR,121,9.1,9.12207942106928,9.638066462858346
LOBO,kiwi-1.csv,SVR,122,8.8,11.0152537384598,11.161844178631164
LOBO,kiwi-1.csv,SVR,123,8.0,10.189852443541476,10.49749537133265
LOBO,kiwi-1.csv,SVR,124,8.1,11.494681760205314,11.547726096182112
LOBO,kiwi-1.csv,SVR,125,7.6,11.394639320632212,11.467203960078363
LOBO,kiwi-1.csv,SVR,126,8.3,10.658455597194209,10.874664571504939
LOBO,kiwi-1.csv,SVR,127,10.4,9.903912522215926,10.26734811222221
LOBO,kiwi-1.csv,SVR,128,9.5,10.320762217322963,10.60286200040252
LOBO,kiwi-1.csv,SVR,129,10.0,10.78484174857464,10.976390228401259
LOBO,kiwi-1.csv,SVR,130,8.9,12.11923910411294,12.050419669682766
LOBO,kiwi-1.csv,SVR,131,9.5,11.122057332426754,11.24780823115202
LOBO,kiwi-1.csv,SVR,132,9.4,9.824464522471558,10.203402024183124
LOBO,kiwi-1.csv,SVR,133,11.3,10.381436020979509,10.65169711774684
LOBO,kiwi-1.csv,SVR,134,9.5,11.333010131393149,11.417599872202784
LOBO,kiwi-1.csv,SVR,135,8.8,11.582227939269917,11.618190244958212
LOBO,kiwi-1.csv,SVR,136,11.0,13.142614198785118,12.874113584085627
LOBO,kiwi-1.csv,SVR,137,9.9,9.31550451722223,9.79375041043869
LOBO,kiwi-1.csv,SVR,138,9.6,9.487736567963749,9.932376504428557
LOBO,kiwi-1.csv,SVR,139,10.2,10.902126348897784,11.07079023094411
LOBO,kiwi-2.csv,SVR,140,11.5,13.34975854413732,13.040839877854024
LOBO,kiwi-2.csv,SVR,141,11.8,12.162133831930792,12.084944768493042
LOBO,kiwi-2.csv,SVR,142,11.3,11.562422549606346,11.602249287411766
LOBO,kiwi-2.csv,SVR,143,12.9,12.370101514469589,12.252333749709695
LOBO,kiwi-2.csv,SVR,144,12.5,11.010801565968087,11.158260715044463
LOBO,kiwi-2.csv,SVR,145,11.6,10.924368003149636,11.088692088580554
LOBO,kiwi-2.csv,SVR,146,12.5,11.752544941000284,11.755274954733748
LOBO,kiwi-2.csv,SVR,147,12.7,10.925663577216053,11.089734869941681
LOBO,kiwi-2.csv,SVR,148,12.8,11.278095347374684,11.37340007328033
LOBO,kiwi-2.csv,SVR,149,14.4,11.953707847114568,11.917186909043139
LOBO,kiwi-2.csv,SVR,150,16.6,11.473168517370995,11.530410522162427
LOBO,kiwi-2.csv,SVR,151,12.1,12.08575864789836,12.023471927668178
LOBO,kiwi-2.csv,SVR,152,12.2,12.399089416664738,12.2756655258627
LOBO,kiwi-2.csv,SVR,153,14.9,11.855759929615914,11.838350611392256
LOBO,kiwi-2.csv,SVR,154,12.8,11.77501485085195,11.773360530685668
LOBO,kiwi-2.csv,SVR,155,12.6,12.04853157155286,11.993508606891233
LOBO,kiwi-2.csv,SVR,156,12.0,11.404242575441357,11.474933425633989
LOBO,kiwi-2.csv,SVR,157,14.3,12.301138838027043,12.19682708631483
LOBO,kiwi-2.csv,SVR,158,16.1,11.306606086369452,11.39634779042469
LOBO,kiwi-2.csv,SVR,159,14.0,13.014898938067857,12.771318153967327
LOBO,kiwi-2.csv,SVR,160,11.0,11.861447473954788,11.842928400791488
LOBO,kiwi-2.csv,SVR,161,14.8,12.098697860949242,12.03388643853781
LOBO,kiwi-2.csv,SVR,162,16.0,12.508834728848267,12.363997307875405
LOBO,kiwi-2.csv,SVR,163,12.0,11.851490201359418,11.83491399348027
LOBO,kiwi-2.csv,SVR,164,12.9,12.30856042430829,12.202800570999871
LOBO,kiwi-2.csv,SVR,165,10.9,12.023803018861624,11.973605095002187
LOBO,kiwi-2.csv,SVR,166,15.0,12.56122493317856,12.406165123670265
LOBO,kiwi-2.csv,SVR,167,10.8,11.988598290452444,11.94526952117416
LOBO,kiwi-2.csv,SVR,168,9.8,12.291804026437948,12.189313685277355
LOBO,kiwi-2.csv,SVR,169,10.1,11.10385168218626,11.233154871510074
LOBO,kiwi-2.csv,SVR,170,10.9,11.732042379794402,11.738772857914235
LOBO,kiwi-2.csv,SVR,171,11.1,11.747054651489805,11.750855931756115
LOBO,kiwi-2.csv,SVR,172,13.0,12.797928676650804,12.596683179102248
LOBO,kiwi-2.csv,SVR,173,13.1,11.669933853793124,11.688782961574054
LOBO,kiwi-2.csv,SVR,174,12.0,11.05786218174585,11.196138852812327
LOBO,kiwi-2.csv,SVR,175,11.7,11.724712982003838,11.732873573880692
LOBO,kiwi-2.csv,SVR,176,11.6,11.844143289548326,11.829000612765853
LOBO,kiwi-2.csv,SVR,177,12.2,10.808363908365951,10.995322739046264
LOBO,kiwi-2.csv,SVR,178,11.8,12.76012889911174,12.566258902718344
LOBO,kiwi-2.csv,SVR,179,13.2,11.980536435999738,11.938780697588294
LOBO,kiwi-2.csv,SVR,180,11.4,10.79951680577584,10.988201885117425
LOBO,kiwi-2.csv,SVR,181,13.3,12.036586445554176,11.98389421658301
LOBO,kiwi-2.csv,SVR,182,10.8,12.115393687828997,12.04732457189514
LOBO,kiwi-2.csv,SVR,183,11.4,11.519351719488546,11.567582447422195
LOBO,kiwi-2.csv,SVR,184,10.9,11.921053983808886,11.890904474941838
LOBO,kiwi-2.csv,SVR,185,10.7,11.36980658041357,11.447216589755858
LOBO,kiwi-2.csv,SVR,186,13.4,11.722226318200512,11.730872108481906
LOBO,kiwi-2.csv,SVR,187,11.6,11.570088953660584,11.608419820970482
LOBO,kiwi-2.csv,SVR,188,13.1,11.669149485108996,11.688151639085236
LOBO,kiwi-2.csv,SVR,189,11.4,11.576894704291762,11.613897631996986
LOBO,kiwi-2.csv,SVR,190,11.6,12.081956394962871,12.020411571186681
LOBO,kiwi-2.csv,SVR,191,10.0,10.50331351711344,10.749793849229578
LOBO,kiwi-2.csv,SVR,192,9.8,12.584464117618309,12.4248698731784
LOBO,kiwi-2.csv,SVR,193,11.5,12.089574710125856,12.026543398969498
LOBO,kiwi-2.csv,SVR,194,12.8,12.991850286255326,12.752766760317032
LOBO,kiwi-2.csv,SVR,195,14.3,12.993868162425528,12.75439090803185
LOBO,kiwi-2.csv,SVR,196,12.3,12.284972525822784,12.183815148609574
LOBO,kiwi-2.csv,SVR,197,10.9,12.736132562056794,12.546944736384786
LOBO,kiwi-2.csv,SVR,198,13.2,11.574449679860528,11.611929681286579
LOBO,kiwi-2.csv,SVR,199,11.0,13.03524061987533,12.787690762213087
LOBO,kiwi-2.csv,SVR,200,9.3,12.22671591753639,12.13692558292728
LOBO,kiwi-2.csv,SVR,201,12.0,11.063198077632988,11.200433607485374
LOBO,kiwi-2.csv,SVR,202,11.5,12.680457336950532,12.50213287381183
LOBO,kiwi-2.csv,SVR,203,14.8,12.30380399788396,12.1989722195768
LOBO,kiwi-2.csv,SVR,204,13.8,11.677776344649404,11.695095223838115
LOBO,kiwi-2.csv,SVR,205,12.8,12.30938786416564,12.20346656060484
LOBO,kiwi-2.csv,SVR,206,12.0,11.832905862457013,11.8199558349939
LOBO,kiwi-2.csv,SVR,207,12.4,12.191928534052522,12.10892592158821
LOBO,kiwi-2.csv,SVR,208,13.8,11.717953878543783,11.727433308218716
LOBO,kiwi-2.csv,SVR,209,13.2,12.502127962727384,12.358599167479127
LOBO,kiwi-2.csv,SVR,210,12.3,13.159247992744652,12.887501788400183
LOBO,kiwi-2.csv,SVR,211,12.6,12.530728681496948,12.381619307524243
LOBO,kiwi-2.csv,SVR,212,12.5,11.653205834689356,11.67531891734675
LOBO,kiwi-2.csv,SVR,213,12.9,11.197616610397557,11.308624365690804
LOBO,kiwi-2.csv,SVR,214,13.6,12.019835337105766,11.97041158820922
LOBO,kiwi-2.csv,SVR,215,12.7,11.549395247702918,11.59176387560645
LOBO,kiwi-2.csv,SVR,216,12.5,12.388058608654555,12.266787051609967
LOBO,kiwi-2.csv,SVR,217,12.8,12.218052858416462,12.129952861865036
LOBO,kiwi-2.csv,SVR,218,11.8,12.981627856173334,12.744538933108043
LOBO,kiwi-2.csv,SVR,219,15.2,12.765875678216291,12.570884368982357
LOBO,kiwi-2.csv,SVR,220,12.3,12.175550169665764,12.095743307370332
LOBO,kiwi-2.csv,SVR,221,13.9,10.702279617899736,10.90993763936416
LOBO,kiwi-2.csv,SVR,222,12.7,12.311918560325104,12.20550346675646
LOBO,kiwi-2.csv,SVR,223,12.6,12.316516361290956,12.209204143756443
LOBO,kiwi-2.csv,SVR,224,12.9,12.717672337535168,12.532086475053106
LOBO,kiwi-2.csv,SVR,225,14.6,11.709747909741672,11.720828489907944
LOBO,kiwi-2.csv,SVR,226,10.9,11.343011993529458,11.425650168733611
LOBO,kiwi-2.csv,SVR,227,13.1,11.969791099987034,11.930131993972234
LOBO,kiwi-2.csv,SVR,228,14.0,11.51688048860392,11.565593403667519
LOBO,kiwi-2.csv,SVR,229,12.5,11.814261410647878,11.804949292844777
LOBO,kiwi-2.csv,SVR,230,11.7,11.315878988544052,11.403811361826646
LOBO,kiwi-2.csv,SVR,231,9.2,11.995871113934909,11.951123269691413
LOBO,kiwi-2.csv,SVR,232,10.4,11.170156537532796,11.286522308463187
LOBO,kiwi-2.csv,SVR,233,10.2,12.161874244189104,12.084735831570308
LOBO,kiwi-2.csv,SVR,234,10.7,10.94351566185087,11.104103651779013
LOBO,kiwi-2.csv,SVR,235,10.4,10.622070108106229,10.845378627289206
LOBO,kiwi-2.csv,SVR,236,11.6,12.21190460825956,12.125004259671343
LOBO,kiwi-2.csv,SVR,237,11.5,10.877549246076551,11.051008617992128
LOBO,kiwi-2.csv,SVR,238,12.8,11.95951051185818,11.92185735652766
LOBO,kiwi-2.csv,SVR,239,10.2,11.721749630911518,11.730488432524712
LOBO,kiwi-2.csv,SVR,240,10.0,12.375806488665951,12.256925568048674
LOBO,kiwi-2.csv,SVR,241,10.6,11.501898542862634,11.553534738572717
LOBO,kiwi-2.csv,SVR,242,10.7,12.081458539399389,12.02001085731351
LOBO,kiwi-2.csv,SVR,243,9.0,11.249444248911525,11.350339383638843
LOBO,kiwi-2.csv,SVR,244,12.4,12.51159896144062,12.366222182778234
LOBO,kiwi-2.csv,SVR,245,11.3,11.776963230167608,11.774928741787942
LOBO,kiwi-2.csv,SVR,246,10.6,11.716499048268524,11.726262344756288
LOBO,kiwi-2.csv,SVR,247,10.9,11.805245760478918,11.79769277837885
LOBO,kiwi-2.csv,SVR,248,9.4,10.521737945024842,10.764623298593731
LOBO,kiwi-2.csv,SVR,249,10.7,10.811474281704385,10.997826215634396
LOBO,kiwi-2.csv,SVR,250,11.9,11.309708440708418,11.398844812682345
LOBO,kiwi-2.csv,SVR,251,10.8,11.41104338238307,11.480407257584835
LOBO,kiwi-2.csv,SVR,252,9.5,12.2390407034901,12.146845553854108
LOBO,kiwi-2.csv,SVR,253,12.1,10.82631526515807,11.00977142303508
LOBO,kiwi-2.csv,SVR,254,10.5,11.170985082371883,11.287189187445604
LOBO,kiwi-2.csv,SVR,255,9.7,10.968331489880866,11.124077409822952
LOBO,kiwi-2.csv,SVR,256,10.3,10.498601180881678,10.746000985110713
LOBO,kiwi-2.csv,SVR,257,11.1,10.416856854539244,10.680206630239498
LOBO,kiwi-2.csv,SVR,258,10.7,10.141634968822554,10.458686101202257
LOBO,kiwi-2.csv,SVR,259,8.9,10.615228851124224,10.83987223791909
LOBO,kiwi-2.csv,SVR,260,7.3,10.81966486687235,11.0044186519692
LOBO,kiwi-2.csv,SVR,261,9.1,11.098430759846512,11.22879168076511
LOBO,kiwi-2.csv,SVR,262,8.8,10.345009497825483,10.622378146041322
LOBO,kiwi-2.csv,SVR,263,8.0,9.702421737887931,10.105172255370434
LOBO,kiwi-2.csv,SVR,264,8.1,10.838592227271045,11.01965290151981
LOBO,kiwi-2.csv,SVR,265,7.6,10.564992242101056,10.799437807427234
LOBO,kiwi-2.csv,SVR,266,8.3,9.829929253766236,10.20780047586981
LOBO,kiwi-2.csv,SVR,267,10.4,10.715761746503253,10.920789131980824
LOBO,kiwi-2.csv,SVR,268,9.5,8.926228241607593,9.480429809893979
LOBO,kiwi-2.csv,SVR,269,10.0,10.758725642462704,10.955369902829242
LOBO,kiwi-2.csv,SVR,270,8.9,10.396397534793294,10.663739337596462
LOBO,kiwi-2.csv,SVR,271,9.5,11.03123861754434,11.174710084488115
LOBO,kiwi-2.csv,SVR,272,9.4,10.667654061310646,10.882068229219502
LOBO,kiwi-2.csv,SVR,273,11.3,10.498644815082638,10.746036105396499
LOBO,kiwi-2.csv,SVR,274,9.5,10.596573081007962,10.824856585893489
LOBO,kiwi-2.csv,SVR,275,8.8,10.629841114736228,10.851633353345408
LOBO,kiwi-2.csv,SVR,276,11.0,9.942222997158364,10.298183438616467
LOBO,kiwi-2.csv,SVR,277,9.9,9.281768303691214,9.766596814533179
LOBO,kiwi-2.csv,SVR,278,9.6,10.051818703778329,10.386394806137057
LOBO,kiwi-2.csv,SVR,279,10.2,11.184910830501426,11.298397740445896
LOBO,kiwi-3.csv,SVR,280,11.5,11.854862523969372,11.837628307738731
LOBO,kiwi-3.csv,SVR,281,11.8,11.998583472712712,11.953306392410136
LOBO,kiwi-3.csv,SVR,282,11.3,12.039559174259672,11.98628690579016
LOBO,kiwi-3.csv,SVR,283,12.9,13.211281400508646,12.929382425855577
LOBO,kiwi-3.csv,SVR,284,12.5,11.76642087632194,11.766443414412509
LOBO,kiwi-3.csv,SVR,285,11.6,12.665708445820282,12.490261789659574
LOBO,kiwi-3.csv,SVR,286,12.5,12.339998395558167,12.2281043581787
LOBO,kiwi-3.csv,SVR,287,12.7,11.14349430060212,11.265062413241484
LOBO,kiwi-3.csv,SVR,288,12.8,11.135042729735328,11.258259914796522
LOBO,kiwi-3.csv,SVR,289,14.4,12.013550364222985,11.965352940658889
LOBO,kiwi-3.csv,SVR,290,16.6,12.37543149098446,12.256623739999732
LOBO,kiwi-3.csv,SVR,291,12.1,12.018841873633171,11.96961196955442
LOBO,kiwi-3.csv,SVR,292,12.2,10.290624556587597,10.57860480685609
LOBO,kiwi-3.csv,SVR,293,14.9,12.53420787526488,12.38441964021613
LOBO,kiwi-3.csv,SVR,294,12.8,12.417116181422834,12.290174904198091
LOBO,kiwi-3.csv,SVR,295,12.6,12.83521919652057,12.626697564288635
LOBO,kiwi-3.csv,SVR,296,12.0,11.750496513164013,11.753626216600862
LOBO,kiwi-3.csv,SVR,297,14.3,13.091212777648234,12.832741619883517
LOBO,kiwi-3.csv,SVR,298,16.1,12.110585576458847,12.043454620304585
LOBO,kiwi-3.csv,SVR,299,14.0,12.769469485757307,12.573776951981964
LOBO,kiwi-3.csv,SVR,300,11.0,10.27658524801936,10.567304851355624
LOBO,kiwi-3.csv,SVR,301,14.8,12.347965318713598,12.234516773483515
LOBO,kiwi-3.csv,SVR,302,16.0,13.372849597655494,13.059425399779553
LOBO,kiwi-3.csv,SVR,303,12.0,12.91178920323063,12.688327213946138
LOBO,kiwi-3.csv,SVR,304,12.9,13.150446176582268,12.880417384601037
LOBO,kiwi-3.csv,SVR,305,10.9,11.640311942606466,11.66494088440757
LOBO,kiwi-3.csv,SVR,306,15.0,12.339809661421954,12.227952449889893
LOBO,kiwi-3.csv,SVR,307,10.8,11.42217714033132,11.4893685941604
LOBO,kiwi-3.csv,SVR,308,9.8,11.14514525013214,11.266391229125263
LOBO,kiwi-3.csv,SVR,309,10.1,11.523834088283598,11.57119021540269
LOBO,kiwi-3.csv,SVR,310,10.9,12.74551157685065,12.554493715687697
LOBO,kiwi-3.csv,SVR,311,11.1,12.757372042937018,12.564039964944868
LOBO,kiwi-3.csv,SVR,312,13.0,11.972067747510865,11.931964421515548
LOBO,kiwi-3.csv,SVR,313,13.1,11.952593856647873,11.916290280648626
LOBO,kiwi-3.csv,SVR,314,12.0,10.701510748489437,10.909318791927348
LOBO,kiwi-3.csv,SVR,315,11.7,12.43991361223886,12.308524095149622
LOBO,kiwi-3.csv,SVR,316,11.6,12.566052911953406,12.410051066133015
LOBO,kiwi-3.csv,SVR,317,12.2,11.32131433065838,11.408186158756509
LOBO,kiwi-3.csv,SVR,318,11.8,12.495525549122853,12.353285018312574
LOBO,kiwi-3.csv,SVR,319,13.2,12.196015678261972,12.112215581293762
LOBO,kiwi-3.csv,SVR,320,11.4,12.758725041479426,12.565128966105226
LOBO,kiwi-3.csv,SVR,321,13.3,11.58786895653029,11.622730585653038
LOBO,kiwi-3.csv,SVR,322,10.8,11.34596441903058,11.428026516302221
LOBO,kiwi-3.csv,SVR,323,11.4,12.367845391992534,12.250517842361381
LOBO,kiwi-3.csv,SVR,324,10.9,11.877839773549578,11.856122231176446
LOBO,kiwi-3.csv,SVR,325,10.7,12.186023493273236,12.104173073703283
LOBO,kiwi-3.csv,SVR,326,13.4,12.855150888723374,12.642740180194252
LOBO,kiwi-3.csv,SVR,327,11.6,11.076380308090146,11.211043718149925
LOBO,kiwi-3.csv,SVR,328,13.1,11.526723358165007,11.573515730290413
LOBO,kiwi-3.csv,SVR,329,11.4,10.909558318495046,11.076772072950195
LOBO,kiwi-3.csv,SVR,330,11.6,10.577173734628436,10.809242444373535
LOBO,kiwi-3.csv,SVR,331,10.0,11.165465610276232,11.28274667599543
LOBO,kiwi-3.csv,SVR,332,9.8,12.638765683758034,12.46857610543351
LOBO,kiwi-3.csv,SVR,333,11.5,11.224124950367171,11.329960392361345
LOBO,kiwi-3.csv,SVR,334,12.8,12.511973528296467,12.366523664064326
LOBO,kiwi-3.csv,SVR,335,14.3,12.681748815163717,12.503172358503534
LOBO,kiwi-3.csv,SVR,336,12.3,11.504091727642145,11.55529998864129
LOBO,kiwi-3.csv,SVR,337,10.9,12.556176253219942,12.402101543288712
LOBO,kiwi-3.csv,SVR,338,13.2,11.778089948161664,11.775835614311795
LOBO,kiwi-3.csv,SVR,339,11.0,12.84473516677778,12.634356776273867
LOBO,kiwi-3.csv,SVR,340,9.3,11.260410143189898,11.359165610141819
LOBO,kiwi-3.csv,SVR,341,12.0,12.069569877006764,12.010441913419744
LOBO,kiwi-3.csv,SVR,342,11.5,12.827292080402213,12.620317188862801
LOBO,kiwi-3.csv,SVR,343,14.8,12.104245938573388,12.03835197399928
LOBO,kiwi-3.csv,SVR,344,13.8,12.31561529034647,12.208478889978739
LOBO,kiwi-3.csv,SVR,345,12.8,12.681739641703173,12.503164974970689
LOBO,kiwi-3.csv,SVR,346,12.0,11.778432072995558,11.776110983670607
LOBO,kiwi-3.csv,SVR,347,12.4,12.79976713840928,12.598162919785993
LOBO,kiwi-3.csv,SVR,348,13.8,12.15546060577509,12.079573623736342
LOBO,kiwi-3.csv,SVR,349,13.2,12.762463440814075,12.568137928114941
LOBO,kiwi-3.csv,SVR,350,12.3,12.862861308357378,12.64894614100284
LOBO,kiwi-3.csv,SVR,351,12.6,14.827169912299423,14.229978405223166
LOBO,kiwi-3.csv,SVR,352,12.5,11.783296598971887,11.780026342236608
LOBO,kiwi-3.csv,SVR,353,12.9,13.09421206016717,12.835155681718012
LOBO,kiwi-3.csv,SVR,354,13.6,12.644008969934353,12.472796320423488
LOBO,kiwi-3.csv,SVR,355,12.7,11.785628217363383,11.781903014719438
LOBO,kiwi-3.csv,SVR,356,12.5,12.746097566254718,12.554965366706515
LOBO,kiwi-3.csv,SVR,357,12.8,12.43112025263101,12.301446497860171
LOBO,kiwi-3.csv,SVR,358,11.8,11.570283775424889,11.608576629068008
LOBO,kiwi-3.csv,SVR,359,15.2,12.082191781853956,12.02060102933426
LOBO,kiwi-3.csv,SVR,360,12.3,12.042231296930836,11.988437643280484
LOBO,kiwi-3.csv,SVR,361,13.9,13.127054391061789,12.861589809569608
LOBO,kiwi-3.csv,SVR,362,12.7,12.264036723488656,12.166964344768889
LOBO,kiwi-3.csv,SVR,363,12.6,11.296485375233264,11.388201834737758
LOBO,kiwi-3.csv,SVR,364,12.9,12.53185119449858,12.382522795534745
LOBO,kiwi-3.csv,SVR,365,14.6,12.310306164877856,12.20420568227409
LOBO,kiwi-3.csv,SVR,366,10.9,11.235909506917212,11.339445543568113
LOBO,kiwi-3.csv,SVR,367,13.1,12.906217653532476,12.683842786287059
LOBO,kiwi-3.csv,SVR,368,14.0,12.151978178196664,12.076770688215797
LOBO,kiwi-3.csv,SVR,369,12.5,12.127782462882475,12.057296046354098
LOBO,kiwi-3.csv,SVR,370,11.7,12.127233445973577,12.056854153748818
LOBO,kiwi-3.csv,SVR,371,9.2,11.21621947541325,11.323597435471044
LOBO,kiwi-3.csv,SVR,372,10.4,11.42878036483041,11.494683395999582
LOBO,kiwi-3.csv,SVR,373,10.2,11.643434925284126,11.667454509997803
LOBO,kiwi-3.csv,SVR,374,10.7,12.002572610918657,11.956517169065789
LOBO,kiwi-3.csv,SVR,375,10.4,10.273276325070649,10.564641566202145
LOBO,kiwi-3.csv,SVR,376,11.6,12.365805086437216,12.248875641688151
LOBO,kiwi-3.csv,SVR,377,11.5,11.377442430128934,11.45336253074522
LOBO,kiwi-3.csv,SVR,378,12.8,12.002821601555173,11.95671757659291
LOBO,kiwi-3.csv,SVR,379,10.2,11.786485282861848,11.782592849403715
LOBO,kiwi-3.csv,SVR,380,10.0,11.127816002492086,11.252443268209852
LOBO,kiwi-3.csv,SVR,381,10.6,10.978477947224585,11.132244088111568
LOBO,kiwi-3.csv,SVR,382,10.7,11.955608294807352,11.91871654095165
LOBO,kiwi-3.csv,SVR,383,9.0,12.177289217992463,12.097143032193628
LOBO,kiwi-3.csv,SVR,384,12.4,12.622025688334372,12.455102421708562
LOBO,kiwi-3.csv,SVR,385,11.3,12.09989466564606,12.034849722431105
LOBO,kiwi-3.csv,SVR,386,10.6,10.416916669946469,10.680254774450916
LOBO,kiwi-3.csv,SVR,387,10.9,11.635356347291346,11.66095222597279
LOBO,kiwi-3.csv,SVR,388,9.4,10.70084291725868,10.908781268077602
LOBO,kiwi-3.csv,SVR,389,10.7,11.10252447425652,11.2320866286922
LOBO,kiwi-3.csv,SVR,390,11.9,11.924530303823872,11.893702494608105
LOBO,kiwi-3.csv,SVR,391,10.8,12.39438966498655,12.271882790796464
LOBO,kiwi-3.csv,SVR,392,9.5,11.82802844463216,11.816030100039779
LOBO,kiwi-3.csv,SVR,393,12.1,11.650274948000517,11.67295990593249
LOBO,kiwi-3.csv,SVR,394,10.5,11.363449122750025,11.442099600671602
LOBO,kiwi-3.csv,SVR,395,9.7,11.039672898082888,11.181498666297598
LOBO,kiwi-3.csv,SVR,396,10.3,11.325367332879733,11.411448338266418
LOBO,kiwi-3.csv,SVR,397,11.1,10.761189179656927,10.957352754088133
LOBO,kiwi-3.csv,SVR,398,10.7,11.001528473096954,11.150796990154722
LOBO,kiwi-3.csv,SVR,399,8.9,10.960830009163594,11.118039619722337
LOBO,kiwi-3.csv,SVR,400,7.3,11.696636567279269,11.710275435556555
LOBO,kiwi-3.csv,SVR,401,9.1,11.109660158412318,11.23782999653927
LOBO,kiwi-3.csv,SVR,402,8.8,10.3684336521818,10.641231774094008
LOBO,kiwi-3.csv,SVR,403,8.0,11.18254841410101,11.296496279268622
LOBO,kiwi-3.csv,SVR,404,8.1,11.004789852765384,11.153422008683538
LOBO,kiwi-3.csv,SVR,405,7.6,11.001196482322348,11.150529777495255
LOBO,kiwi-3.csv,SVR,406,8.3,12.315257350196248,12.208190791191702
LOBO,kiwi-3.csv,SVR,407,10.4,9.487822444152089,9.932445624435577
LOBO,kiwi-3.csv,SVR,408,9.5,7.722654299473449,8.511697487961396
LOBO,kiwi-3.csv,SVR,409,10.0,10.304202742547496,10.589533614096002
LOBO,kiwi-3.csv,SVR,410,8.9,9.729997661863004,10.127367558813479
LOBO,kiwi-3.csv,SVR,411,9.5,11.165516105524276,11.282787318599238
LOBO,kiwi-3.csv,SVR,412,9.4,11.121396456563987,11.247276305537286
LOBO,kiwi-3.csv,SVR,413,11.3,10.227755177463266,10.52800251522656
LOBO,kiwi-3.csv,SVR,414,9.5,10.02029612806201,10.361022922534445
LOBO,kiwi-3.csv,SVR,415,8.8,10.99769234079486,11.147709364856306
LOBO,kiwi-3.csv,SVR,416,11.0,10.145150428383111,10.461515623497098
LOBO,kiwi-3.csv,SVR,417,9.9,8.705208321945104,9.302535347017571
LOBO,kiwi-3.csv,SVR,418,9.6,9.503373373517126,9.944962252940586
LOBO,kiwi-3.csv,SVR,419,10.2,12.68140458161408,12.502895291882073
