protocol,held_out,model,sample_index,y_true,y_pred
LOBO,kiwi-1.csv,PLS,0,11.5,11.327486112415066
LOBO,kiwi-1.csv,PLS,1,11.8,12.591688832715805
LOBO,kiwi-1.csv,PLS,2,11.3,12.905314801950684
LOBO,kiwi-1.csv,PLS,3,12.9,13.15142910915822
LOBO,kiwi-1.csv,PLS,4,12.5,11.364314128574913
LOBO,kiwi-1.csv,PLS,5,11.6,13.700355721441765
LOBO,kiwi-1.csv,PLS,6,12.5,12.792529976808591
LOBO,kiwi-1.csv,PLS,7,12.7,13.334258262751943
LOBO,kiwi-1.csv,PLS,8,12.8,12.903968861729872
LOBO,kiwi-1.csv,PLS,9,14.4,12.82858583082455
LOBO,kiwi-1.csv,PLS,10,16.6,13.43516868964708
LOBO,kiwi-1.csv,PLS,11,12.1,12.05054190292015
LOBO,kiwi-1.csv,PLS,12,12.2,11.208247342120895
LOBO,kiwi-1.csv,PLS,13,14.9,12.853719426605712
LOBO,kiwi-1.csv,PLS,14,12.8,13.025617069018551
LOBO,kiwi-1.csv,PLS,15,12.6,13.127147937234069
LOBO,kiwi-1.csv,PLS,16,12.0,12.776891539862543
LOBO,kiwi-1.csv,PLS,17,14.3,12.73811174031197
LOBO,kiwi-1.csv,PLS,18,16.1,13.918397440607583
LOBO,kiwi-1.csv,PLS,19,14.0,13.049603810816494
LOBO,kiwi-1.csv,PLS,20,11.0,10.915286572825599
LOBO,kiwi-1.csv,PLS,21,14.8,11.479704276591658
LOBO,kiwi-1.csv,PLS,22,16.0,13.286260794084818
LOBO,kiwi-1.csv,PLS,23,12.0,11.947271174306493
LOBO,kiwi-1.csv,PLS,24,12.9,13.220446575903537
LOBO,kiwi-1.csv,PLS,25,10.9,12.6184426707469
LOBO,kiwi-1.csv,PLS,26,15.0,12.873988850643677
LOBO,kiwi-1.csv,PLS,27,10.8,10.82008361505398
LOBO,kiwi-1.csv,PLS,28,9.8,11.937309694035983
LOBO,kiwi-1.csv,PLS,29,10.1,11.846699117503526
LOBO,kiwi-1.csv,PLS,30,10.9,12.788550761861401
LOBO,kiwi-1.csv,PLS,31,11.1,13.36256124624236
LOBO,kiwi-1.csv,PLS,32,13.0,11.125275032548547
LOBO,kiwi-1.csv,PLS,33,13.1,11.547604097037166
LOBO,kiwi-1.csv,PLS,34,12.0,8.000158664963276
LOBO,kiwi-1.csv,PLS,35,11.7,10.851170494655832
LOBO,kiwi-1.csv,PLS,36,11.6,11.880044352884319
LOBO,kiwi-1.csv,PLS,37,12.2,13.22406451775757
LOBO,kiwi-1.csv,PLS,38,11.8,12.43695714281482
LOBO,kiwi-1.csv,PLS,39,13.2,12.689491137127964
LOBO,kiwi-1.csv,PLS,40,11.4,11.178642609516736
LOBO,kiwi-1.csv,PLS,41,13.3,11.774753094673637
LOBO,kiwi-1.csv,PLS,42,10.8,10.724865320223104
LOBO,kiwi-1.csv,PLS,43,11.4,13.566713642210873
LOBO,kiwi-1.csv,PLS,44,10.9,12.184223075051536
LOBO,kiwi-1.csv,PLS,45,10.7,11.920974382583161
LOBO,kiwi-1.csv,PLS,46,13.4,13.303831862432821
LOBO,kiwi-1.csv,PLS,47,11.6,12.316929663422284
LOBO,kiwi-1.csv,PLS,48,13.1,12.350317421788326
LOBO,kiwi-1.csv,PLS,49,11.4,11.856907820537652
LOBO,kiwi-1.csv,PLS,50,11.6,10.65242805752348
LOBO,kiwi-1.csv,PLS,51,10.0,10.054995196336819
LOBO,kiwi-1.csv,PLS,52,9.8,10.767760764041869
LOBO,kiwi-1.csv,PLS,53,11.5,11.100151777597738
LOBO,kiwi-1.csv,PLS,54,12.8,12.817360946315834
LOBO,kiwi-1.csv,PLS,55,14.3,13.370434821580442
LOBO,kiwi-1.csv,PLS,56,12.3,10.973086569778069
LOBO,kiwi-1.csv,PLS,57,10.9,10.591005831215805
LOBO,kiwi-1.csv,PLS,58,13.2,11.909397292428885
LOBO,kiwi-1.csv,PLS,59,11.0,11.148622413569784
LOBO,kiwi-1.csv,PLS,60,9.3,10.631561166671995
LOBO,kiwi-1.csv,PLS,61,12.0,11.69083212339984
LOBO,kiwi-1.csv,PLS,62,11.5,11.11606521903428
LOBO,kiwi-1.csv,PLS,63,14.8,13.555892533301027
LOBO,kiwi-1.csv,PLS,64,13.8,11.541090783728214
LOBO,kiwi-1.csv,PLS,65,12.8,11.861802813721326
LOBO,kiwi-1.csv,PLS,66,12.0,13.529839512412757
LOBO,kiwi-1.csv,PLS,67,12.4,12.681831102400853
LOBO,kiwi-1.csv,PLS,68,13.8,14.322652075661992
LOBO,kiwi-1.csv,PLS,69,13.2,13.00087493781024
LOBO,kiwi-1.csv,PLS,70,12.3,12.187294779569712
LOBO,kiwi-1.csv,PLS,71,12.6,13.075568751024138
LOBO,kiwi-1.csv,PLS,72,12.5,11.903168345898308
LOBO,kiwi-1.csv,PLS,73,12.9,12.477295896629627
LOBO,kiwi-1.csv,PLS,74,13.6,12.712922261388337
LOBO,kiwi-1.csv,PLS,75,12.7,12.645706473600093
LOBO,kiwi-1.csv,PLS,76,12.5,12.464900708056796
LOBO,kiwi-1.csv,PLS,77,12.8,12.337685154224888
LOBO,kiwi-1.csv,PLS,78,11.8,11.157035984884148
LOBO,kiwi-1.csv,PLS,79,15.2,13.39662069725246
LOBO,kiwi-1.csv,PLS,80,12.3,11.436091216838745
LOBO,kiwi-1.csv,PLS,81,13.9,13.870237365589684
LOBO,kiwi-1.csv,PLS,82,12.7,12.844198392680116
LOBO,kiwi-1.csv,PLS,83,12.6,13.080013716607615
LOBO,kiwi-1.csv,PLS,84,12.9,12.181587407468207
LOBO,kiwi-1.csv,PLS,85,14.6,12.80014163656905
LOBO,kiwi-1.csv,PLS,86,10.9,10.843830535371206
LOBO,kiwi-1.csv,PLS,87,13.1,12.007744729833533
LOBO,kiwi-1.csv,PLS,88,14.0,12.039008195087423
LOBO,kiwi-1.csv,PLS,89,12.5,10.659638833079821
LOBO,kiwi-1.csv,PLS,90,11.7,11.84716861314795
LOBO,kiwi-1.csv,PLS,91,9.2,11.176311779166136
LOBO,kiwi-1.csv,PLS,92,10.4,11.570459748708952
LOBO,kiwi-1.csv,PLS,93,10.2,10.80184431323936
LOBO,kiwi-1.csv,PLS,94,10.7,11.739762497416804
LOBO,kiwi-1.csv,PLS,95,10.4,10.915925857353614
LOBO,kiwi-1.csv,PLS,96,11.6,10.59529301799628
LOBO,kiwi-1.csv,PLS,97,11.5,11.259625021081519
LOBO,kiwi-1.csv,PLS,98,12.8,11.080496450713353
LOBO,kiwi-1.csv,PLS,99,10.2,9.694481399224763
LOBO,kiwi-1.csv,PLS,100,10.0,12.21509587731326
LOBO,kiwi-1.csv,PLS,101,10.6,11.532912636821818
LOBO,kiwi-1.csv,PLS,102,10.7,11.745267663607972
LOBO,kiwi-1.csv,PLS,103,9.0,11.064597655605672
LOBO,kiwi-1.csv,PLS,104,12.4,11.965830264592416
LOBO,kiwi-1.csv,PLS,105,11.3,12.176077847575954
LOBO,kiwi-1.csv,PLS,106,10.6,10.727657989093402
LOBO,kiwi-1.csv,PLS,107,10.9,11.537069326571936
LOBO,kiwi-1.csv,PLS,108,9.4,10.746814088794292
LOBO,kiwi-1.csv,PLS,109,10.7,11.296839823119612
LOBO,kiwi-1.csv,PLS,110,11.9,11.182342276312735
LOBO,kiwi-1.csv,PLS,111,10.8,10.652500336224392
LOBO,kiwi-1.csv,PLS,112,9.5,10.052889511286944
LOBO,kiwi-1.csv,PLS,113,12.1,11.142248570169535
LOBO,kiwi-1.csv,PLS,114,10.5,10.248369161334422
LOBO,kiwi-1.csv,PLS,115,9.7,10.40003663487283
LOBO,kiwi-1.csv,PLS,116,10.3,10.429910090281844
LOBO,kiwi-1.csv,PLS,117,11.1,10.470121164981633
LOBO,kiwi-1.csv,PLS,118,10.7,10.753564363196974
LOBO,kiwi-1.csv,PLS,119,8.9,11.079132986601767
LOBO,kiwi-1.csv,PLS,120,7.3,10.153451200118422
LOBO,kiwi-1.csv,PLS,121,9.1,9.93349256706178
LOBO,kiwi-1.csv,PLS,122,8.8,10.245135125390211
LOBO,kiwi-1.csv,PLS,123,8.0,9.12013946496611
LOBO,kiwi-1.csv,PLS,124,8.1,10.391923757199464
LOBO,kiwi-1.csv,PLS,125,7.6,9.71732232269039
LOBO,kiwi-1.csv,PLS,126,8.3,9.66813819999163
LOBO,kiwi-1.csv,PLS,127,10.4,9.431323479139312
LOBO,kiwi-1.csv,PLS,128,9.5,9.444485376146579
LOBO,kiwi-1.csv,PLS,129,10.0,9.652496238987798
LOBO,kiwi-1.csv,PLS,130,8.9,9.964517607744762
LOBO,kiwi-1.csv,PLS,131,9.5,9.027444125266488
LOBO,kiwi-1.csv,PLS,132,9.4,10.58087593775477
LOBO,kiwi-1.csv,PLS,133,11.3,9.865169440082248
LOBO,kiwi-1.csv,PLS,134,9.5,8.926761422536217
LOBO,kiwi-1.csv,PLS,135,8.8,11.332644496474558
LOBO,kiwi-1.csv,PLS,136,11.0,9.856756905679411
LOBO,kiwi-1.csv,PLS,137,9.9,10.323943151472697
LOBO,kiwi-1.csv,PLS,138,9.6,9.365459157861217
LOBO,kiwi-1.csv,PLS,139,10.2,11.696315204898406
LOBO,kiwi-1.csv,SVR,0,11.5,11.681202363301287
LOBO,kiwi-1.csv,SVR,1,11.8,11.810631124468973
LOBO,kiwi-1.csv,SVR,2,11.3,11.641400612329791
LOBO,kiwi-1.csv,SVR,3,12.9,12.728986228468612
LOBO,kiwi-1.csv,SVR,4,12.5,11.743217785956947
LOBO,kiwi-1.csv,SVR,5,11.6,12.17145733966626
LOBO,kiwi-1.csv,SVR,6,12.5,11.398824559588594
LOBO,kiwi-1.csv,SVR,7,12.7,11.175536876257546
LOBO,kiwi-1.csv,SVR,8,12.8,12.092928162597298
LOBO,kiwi-1.csv,SVR,9,14.4,12.583949574757968
LOBO,kiwi-1.csv,SVR,10,16.6,12.349511161829543
LOBO,kiwi-1.csv,SVR,11,12.1,11.15333969850703
LOBO,kiwi-1.csv,SVR,12,12.2,12.077273683332857
LOBO,kiwi-1.csv,SVR,13,14.9,12.84253694792351
LOBO,kiwi-1.csv,SVR,14,12.8,11.420361390292475
LOBO,kiwi-1.csv,SVR,15,12.6,13.361062544443666
LOBO,kiwi-1.csv,SVR,16,12.0,12.10224524900012
LOBO,kiwi-1.csv,SVR,17,14.3,12.129188297095048
LOBO,kiwi-1.csv,SVR,18,16.1,12.850579623472019
LOBO,kiwi-1.csv,SVR,19,14.0,13.320199245370157
LOBO,kiwi-1.csv,SVR,20,11.0,13.167011475671472
LOBO,kiwi-1.csv,SVR,21,14.8,12.16056096982467
LOBO,kiwi-1.csv,SVR,22,16.0,12.83855247580549
LOBO,kiwi-1.csv,SVR,23,12.0,12.856762733165208
LOBO,kiwi-1.csv,SVR,24,12.9,13.18967736061907
LOBO,kiwi-1.csv,SVR,25,10.9,12.380645912265651
LOBO,kiwi-1.csv,SVR,26,15.0,12.297756011996114
LOBO,kiwi-1.csv,SVR,27,10.8,10.594597113598573
LOBO,kiwi-1.csv,SVR,28,9.8,11.90238870750018
LOBO,kiwi-1.csv,SVR,29,10.1,12.225389695482448
LOBO,kiwi-1.csv,SVR,30,10.9,12.063576606276145
LOBO,kiwi-1.csv,SVR,31,11.1,11.892991746908217
LOBO,kiwi-1.csv,SVR,32,13.0,11.520063679814864
LOBO,kiwi-1.csv,SVR,33,13.1,11.098138947133998
LOBO,kiwi-1.csv,SVR,34,12.0,11.053210803460074
LOBO,kiwi-1.csv,SVR,35,11.7,10.704840000319464
LOBO,kiwi-1.csv,SVR,36,11.6,11.666343664883975
LOBO,kiwi-1.csv,SVR,37,12.2,13.424768249131686
LOBO,kiwi-1.csv,SVR,38,11.8,12.169513815298975
LOBO,kiwi-1.csv,SVR,39,13.2,12.069735112243293
LOBO,kiwi-1.csv,SVR,40,11.4,11.344479856193121
LOBO,kiwi-1.csv,SVR,41,13.3,12.560609124014821
LOBO,kiwi-1.csv,SVR,42,10.8,11.655545718453725
LOBO,kiwi-1.csv,SVR,43,11.4,11.835926762651138
LOBO,kiwi-1.csv,SVR,44,10.9,9.644785161949914
LOBO,kiwi-1.csv,SVR,45,10.7,12.249344355984755
LOBO,kiwi-1.csv,SVR,46,13.4,12.422171946515746
LOBO,kiwi-1.csv,SVR,47,11.6,11.030739320517458
LOBO,kiwi-1.csv,SVR,48,13.1,11.18548950224487
LOBO,kiwi-1.csv,SVR,49,11.4,11.319189348468438
LOBO,kiwi-1.csv,SVR,50,11.6,10.83481650625851
LOBO,kiwi-1.csv,SVR,51,10.0,10.93662750746761
LOBO,kiwi-1.csv,SVR,52,9.8,12.122477319067684
LOBO,kiwi-1.csv,SVR,53,11.5,11.994477269289478
LOBO,kiwi-1.csv,SVR,54,12.8,12.431865296302364
LOBO,kiwi-1.csv,SVR,55,14.3,12.97545396956204
LOBO,kiwi-1.csv,SVR,56,12.3,11.715927811887763
LOBO,kiwi-1.csv,SVR,57,10.9,11.542768328213043
LOBO,kiwi-1.csv,SVR,58,13.2,11.977699920770437
LOBO,kiwi-1.csv,SVR,59,11.0,11.082333388637108
LOBO,kiwi-1.csv,SVR,60,9.3,12.722297161133886
LOBO,kiwi-1.csv,SVR,61,12.0,11.37274284182527
LOBO,kiwi-1.csv,SVR,62,11.5,11.561857027645136
LOBO,kiwi-1.csv,SVR,63,14.8,11.80983625280643
LOBO,kiwi-1.csv,SVR,64,13.8,11.380326150654025
LOBO,kiwi-1.csv,SVR,65,12.8,11.4585067299401
LOBO,kiwi-1.csv,SVR,66,12.0,11.230617886461406
LOBO,kiwi-1.csv,SVR,67,12.4,12.4161995740837
LOBO,kiwi-1.csv,SVR,68,13.8,11.557169823078503
LOBO,kiwi-1.csv,SVR,69,13.2,12.650735631854179
LOBO,kiwi-1.csv,SVR,70,12.3,11.470180217862605
LOBO,kiwi-1.csv,SVR,71,12.6,12.038585585776708
LOBO,kiwi-1.csv,SVR,72,12.5,12.914126732665363
LOBO,kiwi-1.csv,SVR,73,12.9,11.288330379177692
LOBO,kiwi-1.csv,SVR,74,13.6,12.006607061163512
LOBO,kiwi-1.csv,SVR,75,12.7,11.247148103796636
LOBO,kiwi-1.csv,SVR,76,12.5,12.054388869265479
LOBO,kiwi-1.csv,SVR,77,12.8,12.06229681877531
LOBO,kiwi-1.csv,SVR,78,11.8,11.819899741619523
LOBO,kiwi-1.csv,SVR,79,15.2,12.075282670613854
LOBO,kiwi-1.csv,SVR,80,12.3,10.671524533067421
LOBO,kiwi-1.csv,SVR,81,13.9,12.040965330088799
LOBO,kiwi-1.csv,SVR,82,12.7,10.89393828331977
LOBO,kiwi-1.csv,SVR,83,12.6,12.316319291488501
LOBO,kiwi-1.csv,SVR,84,12.9,11.040285455356617
LOBO,kiwi-1.csv,SVR,85,14.6,12.969340578013309
LOBO,kiwi-1.csv,SVR,86,10.9,10.23767427689765
LOBO,kiwi-1.csv,SVR,87,13.1,11.505143407063526
LOBO,kiwi-1.csv,SVR,88,14.0,12.944350263606776
LOBO,kiwi-1.csv,SVR,89,12.5,10.04537658862909
LOBO,kiwi-1.csv,SVR,90,11.7,11.332124462647668
LOBO,kiwi-1.csv,SVR,91,9.2,11.340258662037522
LOBO,kiwi-1.csv,SVR,92,10.4,8.941572243873104
LOBO,kiwi-1.csv,SVR,93,10.2,10.701090606843673
LOBO,kiwi-1.csv,SVR,94,10.7,11.488547338857204
LOBO,kiwi-1.csv,SVR,95,10.4,10.832081970782522
LOBO,kiwi-1.csv,SVR,96,11.6,11.475250391023131
LOBO,kiwi-1.csv,SVR,97,11.5,10.465637061623731
LOBO,kiwi-1.csv,SVR,98,12.8,10.65621292932542
LOBO,kiwi-1.csv,SVR,99,10.2,10.379080351010938
LOBO,kiwi-1.csv,SVR,100,10.0,11.001462234689715
LOBO,kiwi-1.csv,SVR,101,10.6,11.192959282210811
LOBO,kiwi-1.csv,SVR,102,10.7,11.061674854766936
LOBO,kiwi-1.csv,SVR,103,9.0,11.8213161787575
LOBO,kiwi-1.csv,SVR,104,12.4,11.867284678325104
LOBO,kiwi-1.csv,SVR,105,11.3,11.031641088858574
LOBO,kiwi-1.csv,SVR,106,10.6,11.273409546276124
LOBO,kiwi-1.csv,SVR,107,10.9,10.906728170831789
LOBO,kiwi-1.csv,SVR,108,9.4,10.90437614312552
LOBO,kiwi-1.csv,SVR,109,10.7,11.598157869631486
LOBO,kiwi-1.csv,SVR,110,11.9,11.832472383916137
LOBO,kiwi-1.csv,SVR,111,10.8,12.14802034156896
LOBO,kiwi-1.csv,SVR,112,9.5,11.034832564070005
LOBO,kiwi-1.csv,SVR,113,12.1,11.75429352554244
LOBO,kiwi-1.csv,SVR,114,10.5,11.165022076710855
LOBO,kiwi-1.csv,SVR,115,9.7,10.527971935632953
LOBO,kiwi-1.csv,SVR,116,10.3,9.8243508118236
LOBO,kiwi-1.csv,SVR,117,11.1,12.552908496111591
LOBO,kiwi-1.csv,SVR,118,10.7,12.030257137816387
LOBO,kiwi-1.csv,SVR,119,8.9,11.735978037824623
LOBO,kiwi-1.csv,SVR,120,7.3,11.733021262615836
LOBO,kiwi-1.csv,SVR,121,9.1,9.142452085276403
LOBO,kiwi-1.csv,SVR,122,8.8,10.859118139880664
LOBO,kiwi-1.csv,SVR,123,8.0,9.720223555571621
LOBO,kiwi-1.csv,SVR,124,8.1,11.85580251370122
LOBO,kiwi-1.csv,SVR,125,7.6,11.4696294741763
LOBO,kiwi-1.csv,SVR,126,8.3,10.67076015780533
LOBO,kiwi-1.csv,SVR,127,10.4,9.827050259969464
LOBO,kiwi-1.csv,SVR,128,9.5,10.034295512340837
LOBO,kiwi-1.csv,SVR,129,10.0,10.742166712095885
LOBO,kiwi-1.csv,SVR,130,8.9,11.929002349250673
LOBO,kiwi-1.csv,SVR,131,9.5,11.078167680657568
LOBO,kiwi-1.csv,SVR,132,9.4,9.950522695131777
LOBO,kiwi-1.csv,SVR,133,11.3,10.3030642468799
LOBO,kiwi-1.csv,SVR,134,9.5,11.247237138518159
LOBO,kiwi-1.csv,SVR,135,8.8,11.94047687391818
LOBO,kiwi-1.csv,SVR,136,11.0,11.987762986508656
LOBO,kiwi-1.csv,SVR,137,9.9,9.023247533023484
LOBO,kiwi-1.csv,SVR,138,9.6,9.537899775483496
LOBO,kiwi-1.csv,SVR,139,10.2,10.901192046435838
LOBO,kiwi-1.csv,XGB,0,11.5,11.265167236328125
LOBO,kiwi-1.csv,XGB,1,11.8,11.993605613708496
LOBO,kiwi-1.csv,XGB,2,11.3,11.572709083557129
LOBO,kiwi-1.csv,XGB,3,12.9,13.922425270080566
LOBO,kiwi-1.csv,XGB,4,12.5,11.325264930725098
LOBO,kiwi-1.csv,XGB,5,11.6,11.632025718688965
LOBO,kiwi-1.csv,XGB,6,12.5,11.360644340515137
LOBO,kiwi-1.csv,XGB,7,12.7,11.944125175476074
LOBO,kiwi-1.csv,XGB,8,12.8,12.389959335327148
LOBO,kiwi-1.csv,XGB,9,14.4,13.136086463928223
LOBO,kiwi-1.csv,XGB,10,16.6,11.360636711120605
LOBO,kiwi-1.csv,XGB,11,12.1,11.05600643157959
LOBO,kiwi-1.csv,XGB,12,12.2,12.439677238464355
LOBO,kiwi-1.csv,XGB,13,14.9,11.203253746032715
LOBO,kiwi-1.csv,XGB,14,12.8,10.585162162780762
LOBO,kiwi-1.csv,XGB,15,12.6,14.509925842285156
LOBO,kiwi-1.csv,XGB,16,12.0,14.10004711151123
LOBO,kiwi-1.csv,XGB,17,14.3,13.453691482543945
LOBO,kiwi-1.csv,XGB,18,16.1,14.431184768676758
LOBO,kiwi-1.csv,XGB,19,14.0,13.636107444763184
LOBO,kiwi-1.csv,XGB,20,11.0,12.918269157409668
LOBO,kiwi-1.csv,XGB,21,14.8,12.290346145629883
LOBO,kiwi-1.csv,XGB,22,16.0,13.299731254577637
LOBO,kiwi-1.csv,XGB,23,12.0,13.204761505126953
LOBO,kiwi-1.csv,XGB,24,12.9,12.680309295654297
LOBO,kiwi-1.csv,XGB,25,10.9,13.492231369018555
LOBO,kiwi-1.csv,XGB,26,15.0,13.691678047180176
LOBO,kiwi-1.csv,XGB,27,10.8,10.386261940002441
LOBO,kiwi-1.csv,XGB,28,9.8,11.48616886138916
LOBO,kiwi-1.csv,XGB,29,10.1,11.149446487426758
LOBO,kiwi-1.csv,XGB,30,10.9,11.445773124694824
LOBO,kiwi-1.csv,XGB,31,11.1,11.95096206665039
LOBO,kiwi-1.csv,XGB,32,13.0,10.297586441040039
LOBO,kiwi-1.csv,XGB,33,13.1,12.524439811706543
LOBO,kiwi-1.csv,XGB,34,12.0,11.723834991455078
LOBO,kiwi-1.csv,XGB,35,11.7,11.848018646240234
LOBO,kiwi-1.csv,XGB,36,11.6,11.484426498413086
LOBO,kiwi-1.csv,XGB,37,12.2,13.746888160705566
LOBO,kiwi-1.csv,XGB,38,11.8,11.844165802001953
LOBO,kiwi-1.csv,XGB,39,13.2,12.063210487365723
LOBO,kiwi-1.csv,XGB,40,11.4,10.844822883605957
LOBO,kiwi-1.csv,XGB,41,13.3,13.384458541870117
LOBO,kiwi-1.csv,XGB,42,10.8,11.418872833251953
LOBO,kiwi-1.csv,XGB,43,11.4,11.230257987976074
LOBO,kiwi-1.csv,XGB,44,10.9,10.583669662475586
LOBO,kiwi-1.csv,XGB,45,10.7,12.672886848449707
LOBO,kiwi-1.csv,XGB,46,13.4,12.347529411315918
LOBO,kiwi-1.csv,XGB,47,11.6,11.383400917053223
LOBO,kiwi-1.csv,XGB,48,13.1,11.130077362060547
LOBO,kiwi-1.csv,XGB,49,11.4,11.509803771972656
LOBO,kiwi-1.csv,XGB,50,11.6,11.034302711486816
LOBO,kiwi-1.csv,XGB,51,10.0,10.349161148071289
LOBO,kiwi-1.csv,XGB,52,9.8,12.123531341552734
LOBO,kiwi-1.csv,XGB,53,11.5,12.166067123413086
LOBO,kiwi-1.csv,XGB,54,12.8,12.025633811950684
LOBO,kiwi-1.csv,XGB,55,14.3,11.107321739196777
LOBO,kiwi-1.csv,XGB,56,12.3,11.676722526550293
LOBO,kiwi-1.csv,XGB,57,10.9,12.259490966796875
LOBO,kiwi-1.csv,XGB,58,13.2,11.769906044006348
LOBO,kiwi-1.csv,XGB,59,11.0,11.65892505645752
LOBO,kiwi-1.csv,XGB,60,9.3,12.499167442321777
LOBO,kiwi-1.csv,XGB,61,12.0,11.731255531311035
LOBO,kiwi-1.csv,XGB,62,11.5,11.696547508239746
LOBO,kiwi-1.csv,XGB,63,14.8,12.120105743408203
LOBO,kiwi-1.csv,XGB,64,13.8,11.530471801757812
LOBO,kiwi-1.csv,XGB,65,12.8,12.21578311920166
LOBO,kiwi-1.csv,XGB,66,12.0,12.53553581237793
LOBO,kiwi-1.csv,XGB,67,12.4,13.121706008911133
LOBO,kiwi-1.csv,XGB,68,13.8,10.338787078857422
LOBO,kiwi-1.csv,XGB,69,13.2,14.093043327331543
LOBO,kiwi-1.csv,XGB,70,12.3,12.479559898376465
LOBO,kiwi-1.csv,XGB,71,12.6,12.173508644104004
LOBO,kiwi-1.csv,XGB,72,12.5,13.289162635803223
LOBO,kiwi-1.csv,XGB,73,12.9,11.560112953186035
LOBO,kiwi-1.csv,XGB,74,13.6,12.013388633728027
LOBO,kiwi-1.csv,XGB,75,12.7,11.199440002441406
LOBO,kiwi-1.csv,XGB,76,12.5,12.360844612121582
LOBO,kiwi-1.csv,XGB,77,12.8,13.176088333129883
LOBO,kiwi-1.csv,XGB,78,11.8,12.125673294067383
LOBO,kiwi-1.csv,XGB,79,15.2,12.1481351852417
LOBO,kiwi-1.csv,XGB,80,12.3,11.203842163085938
LOBO,kiwi-1.csv,XGB,81,13.9,11.243834495544434
LOBO,kiwi-1.csv,XGB,82,12.7,9.649055480957031
LOBO,kiwi-1.csv,XGB,83,12.6,11.957646369934082
LOBO,kiwi-1.csv,XGB,84,12.9,10.701264381408691
LOBO,kiwi-1.csv,XGB,85,14.6,12.958841323852539
LOBO,kiwi-1.csv,XGB,86,10.9,10.400609970092773
LOBO,kiwi-1.csv,XGB,87,13.1,10.785523414611816
LOBO,kiwi-1.csv,XGB,88,14.0,13.78725528717041
LOBO,kiwi-1.csv,XGB,89,12.5,9.814681053161621
LOBO,kiwi-1.csv,XGB,90,11.7,11.455748558044434
LOBO,kiwi-1.csv,XGB,91,9.2,12.415441513061523
LOBO,kiwi-1.csv,XGB,92,10.4,9.759380340576172
LOBO,kiwi-1.csv,XGB,93,10.2,10.509987831115723
LOBO,kiwi-1.csv,XGB,94,10.7,11.89227294921875
LOBO,kiwi-1.csv,XGB,95,10.4,12.160541534423828
LOBO,kiwi-1.csv,XGB,96,11.6,11.492345809936523
LOBO,kiwi-1.csv,XGB,97,11.5,11.361489295959473
LOBO,kiwi-1.csv,XGB,98,12.8,11.648036003112793
LOBO,kiwi-1.csv,XGB,99,10.2,10.638015747070312
LOBO,kiwi-1.csv,XGB,100,10.0,10.127496719360352
LOBO,kiwi-1.csv,XGB,101,10.6,10.74055290222168
LOBO,kiwi-1.csv,XGB,102,10.7,11.415205001831055
LOBO,kiwi-1.csv,XGB,103,9.0,12.979125022888184
LOBO,kiwi-1.csv,XGB,104,12.4,11.070281028747559
LOBO,kiwi-1.csv,XGB,105,11.3,10.35473918914795
LOBO,kiwi-1.csv,XGB,106,10.6,10.17999267578125
LOBO,kiwi-1.csv,XGB,107,10.9,10.457724571228027
LOBO,kiwi-1.csv,XGB,108,9.4,10.39622688293457
LOBO,kiwi-1.csv,XGB,109,10.7,12.071104049682617
LOBO,kiwi-1.csv,XGB,110,11.9,11.894623756408691
LOBO,kiwi-1.csv,XGB,111,10.8,11.872363090515137
LOBO,kiwi-1.csv,XGB,112,9.5,9.893927574157715
LOBO,kiwi-1.csv,XGB,113,12.1,11.03615951538086
LOBO,kiwi-1.csv,XGB,114,10.5,9.872662544250488
LOBO,kiwi-1.csv,XGB,115,9.7,9.868910789489746
LOBO,kiwi-1.csv,XGB,116,10.3,9.799577713012695
LOBO,kiwi-1.csv,XGB,117,11.1,13.43049430847168
LOBO,kiwi-1.csv,XGB,118,10.7,12.310883522033691
LOBO,kiwi-1.csv,XGB,119,8.9,11.408247947692871
LOBO,kiwi-1.csv,XGB,120,7.3,12.099574089050293
LOBO,kiwi-1.csv,XGB,121,9.1,9.488533973693848
LOBO,kiwi-1.csv,XGB,122,8.8,9.330662727355957
LOBO,kiwi-1.csv,XGB,123,8.0,10.141897201538086
LOBO,kiwi-1.csv,XGB,124,8.1,11.750009536743164
LOBO,kiwi-1.csv,XGB,125,7.6,11.048282623291016
LOBO,kiwi-1.csv,XGB,126,8.3,10.13418960571289
LOBO,kiwi-1.csv,XGB,127,10.4,9.695902824401855
LOBO,kiwi-1.csv,XGB,128,9.5,10.812456130981445
LOBO,kiwi-1.csv,XGB,129,10.0,10.541936874389648
LOBO,kiwi-1.csv,XGB,130,8.9,11.84186840057373
LOBO,kiwi-1.csv,XGB,131,9.5,10.29485034942627
LOBO,kiwi-1.csv,XGB,132,9.4,10.847455024719238
LOBO,kiwi-1.csv,XGB,133,11.3,10.19189167022705
LOBO,kiwi-1.csv,XGB,134,9.5,10.382837295532227
LOBO,kiwi-1.csv,XGB,135,8.8,13.115195274353027
LOBO,kiwi-1.csv,XGB,136,11.0,13.574811935424805
LOBO,kiwi-1.csv,XGB,137,9.9,10.158852577209473
LOBO,kiwi-1.csv,XGB,138,9.6,10.455363273620605
LOBO,kiwi-1.csv,XGB,139,10.2,11.133259773254395
LOBO,kiwi-1.csv,MPHNN,0,11.5,11.63313102722168
LOBO,kiwi-1.csv,MPHNN,1,11.8,11.61645793914795
LOBO,kiwi-1.csv,MPHNN,2,11.3,11.60372543334961
LOBO,kiwi-1.csv,MPHNN,3,12.9,11.592147827148438
LOBO,kiwi-1.csv,MPHNN,4,12.5,11.643972396850586
LOBO,kiwi-1.csv,MPHNN,5,11.6,11.696468353271484
LOBO,kiwi-1.csv,MPHNN,6,12.5,11.657906532287598
LOBO,kiwi-1.csv,MPHNN,7,12.7,11.651371955871582
LOBO,kiwi-1.csv,MPHNN,8,12.8,11.646088600158691
LOBO,kiwi-1.csv,MPHNN,9,14.4,11.637066841125488
LOBO,kiwi-1.csv,MPHNN,10,16.6,11.630635261535645
LOBO,kiwi-1.csv,MPHNN,11,12.1,11.642624855041504
LOBO,kiwi-1.csv,MPHNN,12,12.2,11.658109664916992
LOBO,kiwi-1.csv,MPHNN,13,14.9,11.62023639678955
LOBO,kiwi-1.csv,MPHNN,14,12.8,11.610199928283691
LOBO,kiwi-1.csv,MPHNN,15,12.6,11.618952751159668
LOBO,kiwi-1.csv,MPHNN,16,12.0,11.58554458618164
LOBO,kiwi-1.csv,MPHNN,17,14.3,11.600021362304688
LOBO,kiwi-1.csv,MPHNN,18,16.1,11.629223823547363
LOBO,kiwi-1.csv,MPHNN,19,14.0,11.60705852508545
LOBO,kiwi-1.csv,MPHNN,20,11.0,11.645895957946777
LOBO,kiwi-1.csv,MPHNN,21,14.8,11.625730514526367
LOBO,kiwi-1.csv,MPHNN,22,16.0,11.55402660369873
LOBO,kiwi-1.csv,MPHNN,23,12.0,11.641568183898926
LOBO,kiwi-1.csv,MPHNN,24,12.9,11.621651649475098
LOBO,kiwi-1.csv,MPHNN,25,10.9,11.618035316467285
LOBO,kiwi-1.csv,MPHNN,26,15.0,11.597000122070312
LOBO,kiwi-1.csv,MPHNN,27,10.8,11.639053344726562
LOBO,kiwi-1.csv,MPHNN,28,9.8,11.6525297164917
LOBO,kiwi-1.csv,MPHNN,29,10.1,11.616732597351074
LOBO,kiwi-1.csv,MPHNN,30,10.9,11.571459770202637
LOBO,kiwi-1.csv,MPHNN,31,11.1,11.642677307128906
LOBO,kiwi-1.csv,MPHNN,32,13.0,11.604259490966797
LOBO,kiwi-1.csv,MPHNN,33,13.1,11.58730411529541
LOBO,kiwi-1.csv,MPHNN,34,12.0,11.668502807617188
LOBO,kiwi-1.csv,MPHNN,35,11.7,11.616270065307617
LOBO,kiwi-1.csv,MPHNN,36,11.6,11.6077241897583
LOBO,kiwi-1.csv,MPHNN,37,12.2,11.628190040588379
LOBO,kiwi-1.csv,MPHNN,38,11.8,11.605731010437012
LOBO,kiwi-1.csv,MPHNN,39,13.2,11.612677574157715
LOBO,kiwi-1.csv,MPHNN,40,11.4,11.626053810119629
LOBO,kiwi-1.csv,MPHNN,41,13.3,11.625994682312012
LOBO,kiwi-1.csv,MPHNN,42,10.8,11.657404899597168
LOBO,kiwi-1.csv,MPHNN,43,11.4,11.664226531982422
LOBO,kiwi-1.csv,MPHNN,44,10.9,11.58411693572998
LOBO,kiwi-1.csv,MPHNN,45,10.7,11.65432071685791
LOBO,kiwi-1.csv,MPHNN,46,13.4,11.68439769744873
LOBO,kiwi-1.csv,MPHNN,47,11.6,11.58586597442627
LOBO,kiwi-1.csv,MPHNN,48,13.1,11.642897605895996
LOBO,kiwi-1.csv,MPHNN,49,11.4,11.580594062805176
LOBO,kiwi-1.csv,MPHNN,50,11.6,11.613982200622559
LOBO,kiwi-1.csv,MPHNN,51,10.0,11.588778495788574
LOBO,kiwi-1.csv,MPHNN,52,9.8,11.607621192932129
LOBO,kiwi-1.csv,MPHNN,53,11.5,11.59150505065918
LOBO,kiwi-1.csv,MPHNN,54,12.8,11.619462013244629
LOBO,kiwi-1.csv,MPHNN,55,14.3,11.636191368103027
LOBO,kiwi-1.csv,MPHNN,56,12.3,11.627915382385254
LOBO,kiwi-1.csv,MPHNN,57,10.9,11.610967636108398
LOBO,kiwi-1.csv,MPHNN,58,13.2,11.634692192077637
LOBO,kiwi-1.csv,MPHNN,59,11.0,11.583090782165527
LOBO,kiwi-1.csv,MPHNN,60,9.3,11.679478645324707
LOBO,kiwi-1.csv,MPHNN,61,12.0,11.621439933776855
LOBO,kiwi-1.csv,MPHNN,62,11.5,11.61291790008545
LOBO,kiwi-1.csv,MPHNN,63,14.8,11.596391677856445
LOBO,kiwi-1.csv,MPHNN,64,13.8,11.695338249206543
LOBO,kiwi-1.csv,MPHNN,65,12.8,11.627875328063965
LOBO,kiwi-1.csv,MPHNN,66,12.0,11.586240768432617
LOBO,kiwi-1.csv,MPHNN,67,12.4,11.62868881225586
LOBO,kiwi-1.csv,MPHNN,68,13.8,11.646149635314941
LOBO,kiwi-1.csv,MPHNN,69,13.2,11.679572105407715
LOBO,kiwi-1.csv,MPHNN,70,12.3,11.651030540466309
LOBO,kiwi-1.csv,MPHNN,71,12.6,11.617526054382324
LOBO,kiwi-1.csv,MPHNN,72,12.5,11.680573463439941
LOBO,kiwi-1.csv,MPHNN,73,12.9,11.641501426696777
LOBO,kiwi-1.csv,MPHNN,74,13.6,11.616897583007812
LOBO,kiwi-1.csv,MPHNN,75,12.7,11.639830589294434
LOBO,kiwi-1.csv,MPHNN,76,12.5,11.610210418701172
LOBO,kiwi-1.csv,MPHNN,77,12.8,11.633577346801758
LOBO,kiwi-1.csv,MPHNN,78,11.8,11.647605895996094
LOBO,kiwi-1.csv,MPHNN,79,15.2,11.640519142150879
LOBO,kiwi-1.csv,MPHNN,80,12.3,11.631006240844727
LOBO,kiwi-1.csv,MPHNN,81,13.9,11.624579429626465
LOBO,kiwi-1.csv,MPHNN,82,12.7,11.6209135055542
LOBO,kiwi-1.csv,MPHNN,83,12.6,11.624399185180664
LOBO,kiwi-1.csv,MPHNN,84,12.9,11.658408164978027
LOBO,kiwi-1.csv,MPHNN,85,14.6,11.672150611877441
LOBO,kiwi-1.csv,MPHNN,86,10.9,11.627607345581055
LOBO,kiwi-1.csv,MPHNN,87,13.1,11.591139793395996
LOBO,kiwi-1.csv,MPHNN,88,14.0,11.624134063720703
LOBO,kiwi-1.csv,MPHNN,89,12.5,11.616509437561035
LOBO,kiwi-1.csv,MPHNN,90,11.7,11.638684272766113
LOBO,kiwi-1.csv,MPHNN,91,9.2,11.651616096496582
LOBO,kiwi-1.csv,MPHNN,92,10.4,11.60126781463623
LOBO,kiwi-1.csv,MPHNN,93,10.2,11.621187210083008
LOBO,kiwi-1.csv,MPHNN,94,10.7,11.618310928344727
LOBO,kiwi-1.csv,MPHNN,95,10.4,11.612378120422363
LOBO,kiwi-1.csv,MPHNN,96,11.6,11.677469253540039
LOBO,kiwi-1.csv,MPHNN,97,11.5,11.582390785217285
LOBO,kiwi-1.csv,MPHNN,98,12.8,11.605605125427246
LOBO,kiwi-1.csv,MPHNN,99,10.2,11.63049602508545
LOBO,kiwi-1.csv,MPHNN,100,10.0,11.60886287689209
LOBO,kiwi-1.csv,MPHNN,101,10.6,11.631739616394043
LOBO,kiwi-1.csv,MPHNN,102,10.7,11.615167617797852
LOBO,kiwi-1.csv,MPHNN,103,9.0,11.595340728759766
LOBO,kiwi-1.csv,MPHNN,104,12.4,11.59749984741211
LOBO,kiwi-1.csv,MPHNN,105,11.3,11.597177505493164
LOBO,kiwi-1.csv,MPHNN,106,10.6,11.598356246948242
LOBO,kiwi-1.csv,MPHNN,107,10.9,11.574438095092773
LOBO,kiwi-1.csv,MPHNN,108,9.4,11.598419189453125
LOBO,kiwi-1.csv,MPHNN,109,10.7,11.611316680908203
LOBO,kiwi-1.csv,MPHNN,110,11.9,11.600647926330566
LOBO,kiwi-1.csv,MPHNN,111,10.8,11.625199317932129
LOBO,kiwi-1.csv,MPHNN,112,9.5,11.585490226745605
LOBO,kiwi-1.csv,MPHNN,113,12.1,11.597710609436035
LOBO,kiwi-1.csv,MPHNN,114,10.5,11.608942985534668
LOBO,kiwi-1.csv,MPHNN,115,9.7,11.588115692138672
LOBO,kiwi-1.csv,MPHNN,116,10.3,11.584708213806152
LOBO,kiwi-1.csv,MPHNN,117,11.1,11.621424674987793
LOBO,kiwi-1.csv,MPHNN,118,10.7,11.64140510559082
LOBO,kiwi-1.csv,MPHNN,119,8.9,11.593621253967285
LOBO,kiwi-1.csv,MPHNN,120,7.3,11.58908748626709
LOBO,kiwi-1.csv,MPHNN,121,9.1,11.550780296325684
LOBO,kiwi-1.csv,MPHNN,122,8.8,11.576434135437012
LOBO,kiwi-1.csv,MPHNN,123,8.0,11.579766273498535
LOBO,kiwi-1.csv,MPHNN,124,8.1,11.600861549377441
LOBO,kiwi-1.csv,MPHNN,125,7.6,11.60236644744873
LOBO,kiwi-1.csv,MPHNN,126,8.3,11.586426734924316
LOBO,kiwi-1.csv,MPHNN,127,10.4,11.601426124572754
LOBO,kiwi-1.csv,MPHNN,128,9.5,11.610433578491211
LOBO,kiwi-1.csv,MPHNN,129,10.0,11.591509819030762
LOBO,kiwi-1.csv,MPHNN,130,8.9,11.605916023254395
LOBO,kiwi-1.csv,MPHNN,131,9.5,11.586556434631348
LOBO,kiwi-1.csv,MPHNN,132,9.4,11.558138847351074
LOBO,kiwi-1.csv,MPHNN,133,11.3,11.553857803344727
LOBO,kiwi-1.csv,MPHNN,134,9.5,11.604874610900879
LOBO,kiwi-1.csv,MPHNN,135,8.8,11.597471237182617
LOBO,kiwi-1.csv,MPHNN,136,11.0,11.591958045959473
LOBO,kiwi-1.csv,MPHNN,137,9.9,11.57697582244873
LOBO,kiwi-1.csv,MPHNN,138,9.6,11.587080955505371
LOBO,kiwi-1.csv,MPHNN,139,10.2,11.57919979095459
LOBO,kiwi-2.csv,PLS,140,11.5,13.70480254357875
LOBO,kiwi-2.csv,PLS,141,11.8,12.448725776236934
LOBO,kiwi-2.csv,PLS,142,11.3,11.922760331121967
LOBO,kiwi-2.csv,PLS,143,12.9,13.69393955357264
LOBO,kiwi-2.csv,PLS,144,12.5,12.652679084145278
LOBO,kiwi-2.csv,PLS,145,11.6,14.054926143001305
LOBO,kiwi-2.csv,PLS,146,12.5,13.478852913442156
LOBO,kiwi-2.csv,PLS,147,12.7,14.15561112401134
LOBO,kiwi-2.csv,PLS,148,12.8,13.079710183976111
LOBO,kiwi-2.csv,PLS,149,14.4,11.37367965426607
LOBO,kiwi-2.csv,PLS,150,16.6,12.714424437587866
LOBO,kiwi-2.csv,PLS,151,12.1,12.136768746082126
LOBO,kiwi-2.csv,PLS,152,12.2,12.857349444615638
LOBO,kiwi-2.csv,PLS,153,14.9,12.246193952641505
LOBO,kiwi-2.csv,PLS,154,12.8,12.944427276192124
LOBO,kiwi-2.csv,PLS,155,12.6,13.416712471054039
LOBO,kiwi-2.csv,PLS,156,12.0,13.086985417306664
LOBO,kiwi-2.csv,PLS,157,14.3,13.592870633828086
LOBO,kiwi-2.csv,PLS,158,16.1,14.15589071983111
LOBO,kiwi-2.csv,PLS,159,14.0,14.11927696097625
LOBO,kiwi-2.csv,PLS,160,11.0,12.658880736524996
LOBO,kiwi-2.csv,PLS,161,14.8,11.97013239757883
LOBO,kiwi-2.csv,PLS,162,16.0,14.449365516377133
LOBO,kiwi-2.csv,PLS,163,12.0,13.553951416545777
LOBO,kiwi-2.csv,PLS,164,12.9,12.506839872617427
LOBO,kiwi-2.csv,PLS,165,10.9,12.479582436849347
LOBO,kiwi-2.csv,PLS,166,15.0,13.822674122390268
LOBO,kiwi-2.csv,PLS,167,10.8,10.921699029203845
LOBO,kiwi-2.csv,PLS,168,9.8,11.488635216666523
LOBO,kiwi-2.csv,PLS,169,10.1,11.324101855836089
LOBO,kiwi-2.csv,PLS,170,10.9,12.113521018268912
LOBO,kiwi-2.csv,PLS,171,11.1,10.997256149018554
LOBO,kiwi-2.csv,PLS,172,13.0,12.642304007402704
LOBO,kiwi-2.csv,PLS,173,13.1,11.566241131981249
LOBO,kiwi-2.csv,PLS,174,12.0,10.758122233131385
LOBO,kiwi-2.csv,PLS,175,11.7,13.56664093991482
LOBO,kiwi-2.csv,PLS,176,11.6,12.151315021266022
LOBO,kiwi-2.csv,PLS,177,12.2,10.561982274700588
LOBO,kiwi-2.csv,PLS,178,11.8,12.961828226224744
LOBO,kiwi-2.csv,PLS,179,13.2,12.674220574621309
LOBO,kiwi-2.csv,PLS,180,11.4,9.436787789387257
LOBO,kiwi-2.csv,PLS,181,13.3,13.281694812462238
LOBO,kiwi-2.csv,PLS,182,10.8,15.860866416417913
LOBO,kiwi-2.csv,PLS,183,11.4,12.19254368431711
LOBO,kiwi-2.csv,PLS,184,10.9,11.33712608958195
LOBO,kiwi-2.csv,PLS,185,10.7,10.08508930904255
LOBO,kiwi-2.csv,PLS,186,13.4,14.630819403391126
LOBO,kiwi-2.csv,PLS,187,11.6,9.842108757335124
LOBO,kiwi-2.csv,PLS,188,13.1,8.569151001994594
LOBO,kiwi-2.csv,PLS,189,11.4,12.291275376465506
LOBO,kiwi-2.csv,PLS,190,11.6,11.903394781828238
LOBO,kiwi-2.csv,PLS,191,10.0,4.669808262664212
LOBO,kiwi-2.csv,PLS,192,9.8,9.71069811798083
LOBO,kiwi-2.csv,PLS,193,11.5,10.779844682839302
LOBO,kiwi-2.csv,PLS,194,12.8,13.443633780929554
LOBO,kiwi-2.csv,PLS,195,14.3,11.838501002371537
LOBO,kiwi-2.csv,PLS,196,12.3,10.844044561853128
LOBO,kiwi-2.csv,PLS,197,10.9,11.480681564747558
LOBO,kiwi-2.csv,PLS,198,13.2,9.959579558739254
LOBO,kiwi-2.csv,PLS,199,11.0,11.493203405033434
LOBO,kiwi-2.csv,PLS,200,9.3,10.356132023330705
LOBO,kiwi-2.csv,PLS,201,12.0,11.054880352748023
LOBO,kiwi-2.csv,PLS,202,11.5,12.410178696343259
LOBO,kiwi-2.csv,PLS,203,14.8,14.011890655458902
LOBO,kiwi-2.csv,PLS,204,13.8,12.80036759335219
LOBO,kiwi-2.csv,PLS,205,12.8,13.618182132049814
LOBO,kiwi-2.csv,PLS,206,12.0,11.350193115196996
LOBO,kiwi-2.csv,PLS,207,12.4,13.856056673145373
LOBO,kiwi-2.csv,PLS,208,13.8,13.527694535170246
LOBO,kiwi-2.csv,PLS,209,13.2,12.552434545815364
LOBO,kiwi-2.csv,PLS,210,12.3,12.908304169900898
LOBO,kiwi-2.csv,PLS,211,12.6,11.465931989594187
LOBO,kiwi-2.csv,PLS,212,12.5,11.851614192940058
LOBO,kiwi-2.csv,PLS,213,12.9,12.78361561597367
LOBO,kiwi-2.csv,PLS,214,13.6,13.308700136692394
LOBO,kiwi-2.csv,PLS,215,12.7,12.98207389832469
LOBO,kiwi-2.csv,PLS,216,12.5,12.52767440592703
LOBO,kiwi-2.csv,PLS,217,12.8,11.949760725849433
LOBO,kiwi-2.csv,PLS,218,11.8,13.07061305188871
LOBO,kiwi-2.csv,PLS,219,15.2,15.645981476789004
LOBO,kiwi-2.csv,PLS,220,12.3,13.70451389234692
LOBO,kiwi-2.csv,PLS,221,13.9,13.173369895257423
LOBO,kiwi-2.csv,PLS,222,12.7,13.067333217621979
LOBO,kiwi-2.csv,PLS,223,12.6,12.776410867195775
LOBO,kiwi-2.csv,PLS,224,12.9,11.470153455742587
LOBO,kiwi-2.csv,PLS,225,14.6,12.554750923211007
LOBO,kiwi-2.csv,PLS,226,10.9,11.043342533168065
LOBO,kiwi-2.csv,PLS,227,13.1,12.380632596632307
LOBO,kiwi-2.csv,PLS,228,14.0,11.849360552224283
LOBO,kiwi-2.csv,PLS,229,12.5,11.126547850397225
LOBO,kiwi-2.csv,PLS,230,11.7,11.43541156275621
LOBO,kiwi-2.csv,PLS,231,9.2,9.831199115755691
LOBO,kiwi-2.csv,PLS,232,10.4,11.863996907313503
LOBO,kiwi-2.csv,PLS,233,10.2,11.10023872009116
LOBO,kiwi-2.csv,PLS,234,10.7,11.236402630522356
LOBO,kiwi-2.csv,PLS,235,10.4,10.760747557676373
LOBO,kiwi-2.csv,PLS,236,11.6,11.292318457054854
LOBO,kiwi-2.csv,PLS,237,11.5,11.057774481940571
LOBO,kiwi-2.csv,PLS,238,12.8,10.916568403773919
LOBO,kiwi-2.csv,PLS,239,10.2,10.641414443122619
LOBO,kiwi-2.csv,PLS,240,10.0,11.606530842308423
LOBO,kiwi-2.csv,PLS,241,10.6,9.953003726181715
LOBO,kiwi-2.csv,PLS,242,10.7,11.901272714586689
LOBO,kiwi-2.csv,PLS,243,9.0,11.217920780745036
LOBO,kiwi-2.csv,PLS,244,12.4,12.077616219792146
LOBO,kiwi-2.csv,PLS,245,11.3,10.805894159496509
LOBO,kiwi-2.csv,PLS,246,10.6,10.17444731818889
LOBO,kiwi-2.csv,PLS,247,10.9,11.269093699920601
LOBO,kiwi-2.csv,PLS,248,9.4,9.535467875837877
LOBO,kiwi-2.csv,PLS,249,10.7,11.966775768805672
LOBO,kiwi-2.csv,PLS,250,11.9,10.100686771034798
LOBO,kiwi-2.csv,PLS,251,10.8,10.65572326516541
LOBO,kiwi-2.csv,PLS,252,9.5,11.434525676671846
LOBO,kiwi-2.csv,PLS,253,12.1,11.657720062231427
LOBO,kiwi-2.csv,PLS,254,10.5,10.339369311697858
LOBO,kiwi-2.csv,PLS,255,9.7,11.668445075619871
LOBO,kiwi-2.csv,PLS,256,10.3,11.337205893326363
LOBO,kiwi-2.csv,PLS,257,11.1,9.571486189077445
LOBO,kiwi-2.csv,PLS,258,10.7,8.269275476376347
LOBO,kiwi-2.csv,PLS,259,8.9,10.53336654882636
LOBO,kiwi-2.csv,PLS,260,7.3,8.515922869541853
LOBO,kiwi-2.csv,PLS,261,9.1,10.687602314567684
LOBO,kiwi-2.csv,PLS,262,8.8,9.067789746430494
LOBO,kiwi-2.csv,PLS,263,8.0,7.508748981578485
LOBO,kiwi-2.csv,PLS,264,8.1,9.95236093429511
LOBO,kiwi-2.csv,PLS,265,7.6,9.00650648936837
LOBO,kiwi-2.csv,PLS,266,8.3,8.976050558159603
LOBO,kiwi-2.csv,PLS,267,10.4,9.007007253006355
LOBO,kiwi-2.csv,PLS,268,9.5,7.901304223972849
LOBO,kiwi-2.csv,PLS,269,10.0,9.260665544454874
LOBO,kiwi-2.csv,PLS,270,8.9,8.31036102726539
LOBO,kiwi-2.csv,PLS,271,9.5,8.970686882997004
LOBO,kiwi-2.csv,PLS,272,9.4,7.4801052747385555
LOBO,kiwi-2.csv,PLS,273,11.3,9.624635594590941
LOBO,kiwi-2.csv,PLS,274,9.5,8.737865056897594
LOBO,kiwi-2.csv,PLS,275,8.8,9.277970292408398
LOBO,kiwi-2.csv,PLS,276,11.0,8.486205371591016
LOBO,kiwi-2.csv,PLS,277,9.9,8.64414233281066
LOBO,kiwi-2.csv,PLS,278,9.6,8.407158058864212
LOBO,kiwi-2.csv,PLS,279,10.2,13.072724464029925
LOBO,kiwi-2.csv,SVR,140,11.5,13.935075040878205
LOBO,kiwi-2.csv,SVR,141,11.8,12.912183837068754
LOBO,kiwi-2.csv,SVR,142,11.3,11.136027495855517
LOBO,kiwi-2.csv,SVR,143,12.9,13.193678247962966
LOBO,kiwi-2.csv,SVR,144,12.5,11.818066212950301
LOBO,kiwi-2.csv,SVR,145,11.6,11.133737410151541
LOBO,kiwi-2.csv,SVR,146,12.5,13.235453258396435
LOBO,kiwi-2.csv,SVR,147,12.7,11.282806723535417
LOBO,kiwi-2.csv,SVR,148,12.8,12.196464423505065
LOBO,kiwi-2.csv,SVR,149,14.4,12.223470050081248
LOBO,kiwi-2.csv,SVR,150,16.6,13.86138522538201
LOBO,kiwi-2.csv,SVR,151,12.1,13.010468056964571
LOBO,kiwi-2.csv,SVR,152,12.2,13.159360834994233
LOBO,kiwi-2.csv,SVR,153,14.9,11.775373678809531
LOBO,kiwi-2.csv,SVR,154,12.8,12.411739307342247
LOBO,kiwi-2.csv,SVR,155,12.6,12.140382936009262
LOBO,kiwi-2.csv,SVR,156,12.0,12.33242815094289
LOBO,kiwi-2.csv,SVR,157,14.3,12.63445641282195
LOBO,kiwi-2.csv,SVR,158,16.1,11.381457419528177
LOBO,kiwi-2.csv,SVR,159,14.0,15.169741517926711
LOBO,kiwi-2.csv,SVR,160,11.0,12.006478621805657
LOBO,kiwi-2.csv,SVR,161,14.8,11.120320173444641
LOBO,kiwi-2.csv,SVR,162,16.0,15.487128064772365
LOBO,kiwi-2.csv,SVR,163,12.0,11.430762178104205
LOBO,kiwi-2.csv,SVR,164,12.9,12.20017447111839
LOBO,kiwi-2.csv,SVR,165,10.9,11.965415822443292
LOBO,kiwi-2.csv,SVR,166,15.0,15.08035262593535
LOBO,kiwi-2.csv,SVR,167,10.8,11.702191228035092
LOBO,kiwi-2.csv,SVR,168,9.8,12.282319796422074
LOBO,kiwi-2.csv,SVR,169,10.1,11.701971065848612
LOBO,kiwi-2.csv,SVR,170,10.9,12.34963728299448
LOBO,kiwi-2.csv,SVR,171,11.1,11.33602153553011
LOBO,kiwi-2.csv,SVR,172,13.0,12.907096180905471
LOBO,kiwi-2.csv,SVR,173,13.1,11.836345639082781
LOBO,kiwi-2.csv,SVR,174,12.0,11.91357136632577
LOBO,kiwi-2.csv,SVR,175,11.7,12.470438323321718
LOBO,kiwi-2.csv,SVR,176,11.6,11.762524943616286
LOBO,kiwi-2.csv,SVR,177,12.2,10.429798754403864
LOBO,kiwi-2.csv,SVR,178,11.8,13.398746586007237
LOBO,kiwi-2.csv,SVR,179,13.2,11.767179779531917
LOBO,kiwi-2.csv,SVR,180,11.4,10.547342059335223
LOBO,kiwi-2.csv,SVR,181,13.3,12.61111641085411
LOBO,kiwi-2.csv,SVR,182,10.8,6.349832631328917
LOBO,kiwi-2.csv,SVR,183,11.4,12.282980538546115
LOBO,kiwi-2.csv,SVR,184,10.9,11.100976772854212
LOBO,kiwi-2.csv,SVR,185,10.7,10.54337928163777
LOBO,kiwi-2.csv,SVR,186,13.4,11.925354980574498
LOBO,kiwi-2.csv,SVR,187,11.6,10.760108725964587
LOBO,kiwi-2.csv,SVR,188,13.1,9.27762497631978
LOBO,kiwi-2.csv,SVR,189,11.4,11.722200010148471
LOBO,kiwi-2.csv,SVR,190,11.6,12.526787982108333
LOBO,kiwi-2.csv,SVR,191,10.0,8.002869131530039
LOBO,kiwi-2.csv,SVR,192,9.8,12.42270539595839
LOBO,kiwi-2.csv,SVR,193,11.5,12.244776873395411
LOBO,kiwi-2.csv,SVR,194,12.8,13.50553301213438
LOBO,kiwi-2.csv,SVR,195,14.3,13.65360876034916
LOBO,kiwi-2.csv,SVR,196,12.3,13.424167050463227
LOBO,kiwi-2.csv,SVR,197,10.9,13.890639232746084
LOBO,kiwi-2.csv,SVR,198,13.2,12.625753650740522
LOBO,kiwi-2.csv,SVR,199,11.0,12.670598092742042
LOBO,kiwi-2.csv,SVR,200,9.3,12.6612742076821
LOBO,kiwi-2.csv,SVR,201,12.0,11.18172263014502
LOBO,kiwi-2.csv,SVR,202,11.5,13.01861391712845
LOBO,kiwi-2.csv,SVR,203,14.8,13.45009482951052
LOBO,kiwi-2.csv,SVR,204,13.8,12.96551643687164
LOBO,kiwi-2.csv,SVR,205,12.8,13.594815735530092
LOBO,kiwi-2.csv,SVR,206,12.0,11.10816165676171
LOBO,kiwi-2.csv,SVR,207,12.4,12.5175196700081
LOBO,kiwi-2.csv,SVR,208,13.8,12.504811258893954
LOBO,kiwi-2.csv,SVR,209,13.2,12.552045115682718
LOBO,kiwi-2.csv,SVR,210,12.3,13.572731423519075
LOBO,kiwi-2.csv,SVR,211,12.6,11.233303784154616
LOBO,kiwi-2.csv,SVR,212,12.5,13.715089504051244
LOBO,kiwi-2.csv,SVR,213,12.9,11.561298291265333
LOBO,kiwi-2.csv,SVR,214,13.6,12.018862045734993
LOBO,kiwi-2.csv,SVR,215,12.7,10.832141735694139
LOBO,kiwi-2.csv,SVR,216,12.5,12.496309321113033
LOBO,kiwi-2.csv,SVR,217,12.8,12.022325778015729
LOBO,kiwi-2.csv,SVR,218,11.8,13.46467215043569
LOBO,kiwi-2.csv,SVR,219,15.2,12.269388186312435
LOBO,kiwi-2.csv,SVR,220,12.3,12.10428048039495
LOBO,kiwi-2.csv,SVR,221,13.9,8.277647426032376
LOBO,kiwi-2.csv,SVR,222,12.7,12.269385722934432
LOBO,kiwi-2.csv,SVR,223,12.6,11.631484982709965
LOBO,kiwi-2.csv,SVR,224,12.9,13.283003612095678
LOBO,kiwi-2.csv,SVR,225,14.6,13.034614021271183
LOBO,kiwi-2.csv,SVR,226,10.9,11.21646796986896
LOBO,kiwi-2.csv,SVR,227,13.1,12.500371016907453
LOBO,kiwi-2.csv,SVR,228,14.0,11.186505175174547
LOBO,kiwi-2.csv,SVR,229,12.5,12.855393398800219
LOBO,kiwi-2.csv,SVR,230,11.7,10.838853791699579
LOBO,kiwi-2.csv,SVR,231,9.2,11.09089887618464
LOBO,kiwi-2.csv,SVR,232,10.4,11.806308265357162
LOBO,kiwi-2.csv,SVR,233,10.2,12.896454424027569
LOBO,kiwi-2.csv,SVR,234,10.7,10.922853746577703
LOBO,kiwi-2.csv,SVR,235,10.4,9.999590752380742
LOBO,kiwi-2.csv,SVR,236,11.6,11.438382242834935
LOBO,kiwi-2.csv,SVR,237,11.5,10.515683120468852
LOBO,kiwi-2.csv,SVR,238,12.8,10.105686411935396
LOBO,kiwi-2.csv,SVR,239,10.2,10.894318423774054
LOBO,kiwi-2.csv,SVR,240,10.0,11.74818761243708
LOBO,kiwi-2.csv,SVR,241,10.6,10.497451121343333
LOBO,kiwi-2.csv,SVR,242,10.7,12.499703573637492
LOBO,kiwi-2.csv,SVR,243,9.0,12.186854221620104
LOBO,kiwi-2.csv,SVR,244,12.4,12.836334188601159
LOBO,kiwi-2.csv,SVR,245,11.3,11.86462721426692
LOBO,kiwi-2.csv,SVR,246,10.6,11.360405282236487
LOBO,kiwi-2.csv,SVR,247,10.9,12.430911352362687
LOBO,kiwi-2.csv,SVR,248,9.4,10.081364839925543
LOBO,kiwi-2.csv,SVR,249,10.7,9.360294899108505
LOBO,kiwi-2.csv,SVR,250,11.9,11.788665457719285
LOBO,kiwi-2.csv,SVR,251,10.8,11.886160579135678
LOBO,kiwi-2.csv,SVR,252,9.5,12.258825170988347
LOBO,kiwi-2.csv,SVR,253,12.1,11.862338272592526
LOBO,kiwi-2.csv,SVR,254,10.5,10.767956929930891
LOBO,kiwi-2.csv,SVR,255,9.7,12.605678323338553
LOBO,kiwi-2.csv,SVR,256,10.3,12.19815713831357
LOBO,kiwi-2.csv,SVR,257,11.1,9.929209691782008
LOBO,kiwi-2.csv,SVR,258,10.7,9.605945521002328
LOBO,kiwi-2.csv,SVR,259,8.9,11.842554466889526
LOBO,kiwi-2.csv,SVR,260,7.3,9.727108901911182
LOBO,kiwi-2.csv,SVR,261,9.1,10.32022563813162
LOBO,kiwi-2.csv,SVR,262,8.8,9.070166290877397
LOBO,kiwi-2.csv,SVR,263,8.0,10.709516416498973
LOBO,kiwi-2.csv,SVR,264,8.1,10.479663307237972
LOBO,kiwi-2.csv,SVR,265,7.6,8.612056454774349
LOBO,kiwi-2.csv,SVR,266,8.3,8.388809473866916
LOBO,kiwi-2.csv,SVR,267,10.4,8.861777981493022
LOBO,kiwi-2.csv,SVR,268,9.5,10.084118577558067
LOBO,kiwi-2.csv,SVR,269,10.0,9.631962452914424
LOBO,kiwi-2.csv,SVR,270,8.9,9.67819886515372
LOBO,kiwi-2.csv,SVR,271,9.5,11.004559143341156
LOBO,kiwi-2.csv,SVR,272,9.4,12.472453941843314
LOBO,kiwi-2.csv,SVR,273,11.3,10.172210955085577
LOBO,kiwi-2.csv,SVR,274,9.5,10.029724068334504
LOBO,kiwi-2.csv,SVR,275,8.8,11.745941427435875
LOBO,kiwi-2.csv,SVR,276,11.0,9.078817127106676
LOBO,kiwi-2.csv,SVR,277,9.9,7.643488387288004
LOBO,kiwi-2.csv,SVR,278,9.6,9.04905690030627
LOBO,kiwi-2.csv,SVR,279,10.2,11.198820809526625
LOBO,kiwi-2.csv,XGB,140,11.5,12.200616836547852
LOBO,kiwi-2.csv,XGB,141,11.8,13.079718589782715
LOBO,kiwi-2.csv,XGB,142,11.3,12.11127758026123
LOBO,kiwi-2.csv,XGB,143,12.9,13.102185249328613
LOBO,kiwi-2.csv,XGB,144,12.5,12.169637680053711
LOBO,kiwi-2.csv,XGB,145,11.6,10.959816932678223
LOBO,kiwi-2.csv,XGB,146,12.5,10.902422904968262
LOBO,kiwi-2.csv,XGB,147,12.7,11.212358474731445
LOBO,kiwi-2.csv,XGB,148,12.8,11.123030662536621
LOBO,kiwi-2.csv,XGB,149,14.4,12.695725440979004
LOBO,kiwi-2.csv,XGB,150,16.6,12.14959716796875
LOBO,kiwi-2.csv,XGB,151,12.1,12.74881362915039
LOBO,kiwi-2.csv,XGB,152,12.2,13.649140357971191
LOBO,kiwi-2.csv,XGB,153,14.9,10.416946411132812
LOBO,kiwi-2.csv,XGB,154,12.8,11.09048080444336
LOBO,kiwi-2.csv,XGB,155,12.6,12.881611824035645
LOBO,kiwi-2.csv,XGB,156,12.0,11.785120964050293
LOBO,kiwi-2.csv,XGB,157,14.3,13.37217903137207
LOBO,kiwi-2.csv,XGB,158,16.1,11.089618682861328
LOBO,kiwi-2.csv,XGB,159,14.0,13.582572937011719
LOBO,kiwi-2.csv,XGB,160,11.0,12.079095840454102
LOBO,kiwi-2.csv,XGB,161,14.8,11.15886402130127
LOBO,kiwi-2.csv,XGB,162,16.0,13.455297470092773
LOBO,kiwi-2.csv,XGB,163,12.0,10.80798625946045
LOBO,kiwi-2.csv,XGB,164,12.9,11.524739265441895
LOBO,kiwi-2.csv,XGB,165,10.9,12.391576766967773
LOBO,kiwi-2.csv,XGB,166,15.0,13.3524808883667
LOBO,kiwi-2.csv,XGB,167,10.8,11.841602325439453
LOBO,kiwi-2.csv,XGB,168,9.8,12.613951683044434
LOBO,kiwi-2.csv,XGB,169,10.1,10.875059127807617
LOBO,kiwi-2.csv,XGB,170,10.9,12.121045112609863
LOBO,kiwi-2.csv,XGB,171,11.1,12.111506462097168
LOBO,kiwi-2.csv,XGB,172,13.0,12.41709041595459
LOBO,kiwi-2.csv,XGB,173,13.1,10.899789810180664
LOBO,kiwi-2.csv,XGB,174,12.0,10.347094535827637
LOBO,kiwi-2.csv,XGB,175,11.7,12.112722396850586
LOBO,kiwi-2.csv,XGB,176,11.6,11.731969833374023
LOBO,kiwi-2.csv,XGB,177,12.2,10.656585693359375
LOBO,kiwi-2.csv,XGB,178,11.8,13.555667877197266
LOBO,kiwi-2.csv,XGB,179,13.2,12.524426460266113
LOBO,kiwi-2.csv,XGB,180,11.4,11.173874855041504
LOBO,kiwi-2.csv,XGB,181,13.3,11.845808029174805
LOBO,kiwi-2.csv,XGB,182,10.8,11.627229690551758
LOBO,kiwi-2.csv,XGB,183,11.4,10.976543426513672
LOBO,kiwi-2.csv,XGB,184,10.9,9.825762748718262
LOBO,kiwi-2.csv,XGB,185,10.7,11.354247093200684
LOBO,kiwi-2.csv,XGB,186,13.4,13.530705451965332
LOBO,kiwi-2.csv,XGB,187,11.6,10.852422714233398
LOBO,kiwi-2.csv,XGB,188,13.1,10.362509727478027
LOBO,kiwi-2.csv,XGB,189,11.4,11.345901489257812
LOBO,kiwi-2.csv,XGB,190,11.6,11.869312286376953
LOBO,kiwi-2.csv,XGB,191,10.0,10.679611206054688
LOBO,kiwi-2.csv,XGB,192,9.8,12.009345054626465
LOBO,kiwi-2.csv,XGB,193,11.5,12.494959831237793
LOBO,kiwi-2.csv,XGB,194,12.8,13.047490119934082
LOBO,kiwi-2.csv,XGB,195,14.3,12.607083320617676
LOBO,kiwi-2.csv,XGB,196,12.3,12.952168464660645
LOBO,kiwi-2.csv,XGB,197,10.9,13.537349700927734
LOBO,kiwi-2.csv,XGB,198,13.2,11.974678039550781
LOBO,kiwi-2.csv,XGB,199,11.0,12.327908515930176
LOBO,kiwi-2.csv,XGB,200,9.3,12.593406677246094
LOBO,kiwi-2.csv,XGB,201,12.0,10.32767105102539
LOBO,kiwi-2.csv,XGB,202,11.5,12.557676315307617
LOBO,kiwi-2.csv,XGB,203,14.8,12.051813125610352
LOBO,kiwi-2.csv,XGB,204,13.8,11.334117889404297
LOBO,kiwi-2.csv,XGB,205,12.8,11.947011947631836
LOBO,kiwi-2.csv,XGB,206,12.0,12.061586380004883
LOBO,kiwi-2.csv,XGB,207,12.4,12.525771141052246
LOBO,kiwi-2.csv,XGB,208,13.8,10.896437644958496
LOBO,kiwi-2.csv,XGB,209,13.2,11.904082298278809
LOBO,kiwi-2.csv,XGB,210,12.3,14.179328918457031
LOBO,kiwi-2.csv,XGB,211,12.6,11.845341682434082
LOBO,kiwi-2.csv,XGB,212,12.5,11.885733604431152
LOBO,kiwi-2.csv,XGB,213,12.9,11.635354995727539
LOBO,kiwi-2.csv,XGB,214,13.6,12.599822044372559
LOBO,kiwi-2.csv,XGB,215,12.7,11.57374095916748
LOBO,kiwi-2.csv,XGB,216,12.5,12.925469398498535
LOBO,kiwi-2.csv,XGB,217,12.8,11.434402465820312
LOBO,kiwi-2.csv,XGB,218,11.8,12.1097412109375
LOBO,kiwi-2.csv,XGB,219,15.2,11.228157043457031
LOBO,kiwi-2.csv,XGB,220,12.3,12.262836456298828
LOBO,kiwi-2.csv,XGB,221,13.9,10.808797836303711
LOBO,kiwi-2.csv,XGB,222,12.7,12.73048210144043
LOBO,kiwi-2.csv,XGB,223,12.6,10.322832107543945
LOBO,kiwi-2.csv,XGB,224,12.9,12.065752983093262
LOBO,kiwi-2.csv,XGB,225,14.6,13.530784606933594
LOBO,kiwi-2.csv,XGB,226,10.9,10.53532600402832
LOBO,kiwi-2.csv,XGB,227,13.1,12.39054012298584
LOBO,kiwi-2.csv,XGB,228,14.0,11.197540283203125
LOBO,kiwi-2.csv,XGB,229,12.5,11.361441612243652
LOBO,kiwi-2.csv,XGB,230,11.7,11.083090782165527
LOBO,kiwi-2.csv,XGB,231,9.2,11.651788711547852
LOBO,kiwi-2.csv,XGB,232,10.4,10.425836563110352
LOBO,kiwi-2.csv,XGB,233,10.2,12.70766830444336
LOBO,kiwi-2.csv,XGB,234,10.7,11.098840713500977
LOBO,kiwi-2.csv,XGB,235,10.4,10.793586730957031
LOBO,kiwi-2.csv,XGB,236,11.6,11.742544174194336
LOBO,kiwi-2.csv,XGB,237,11.5,10.990092277526855
LOBO,kiwi-2.csv,XGB,238,12.8,10.833667755126953
LOBO,kiwi-2.csv,XGB,239,10.2,11.501108169555664
LOBO,kiwi-2.csv,XGB,240,10.0,11.934137344360352
LOBO,kiwi-2.csv,XGB,241,10.6,11.678808212280273
LOBO,kiwi-2.csv,XGB,242,10.7,12.558309555053711
LOBO,kiwi-2.csv,XGB,243,9.0,11.957695960998535
LOBO,kiwi-2.csv,XGB,244,12.4,12.60046672821045
LOBO,kiwi-2.csv,XGB,245,11.3,11.876379013061523
LOBO,kiwi-2.csv,XGB,246,10.6,10.15615463256836
LOBO,kiwi-2.csv,XGB,247,10.9,11.385855674743652
LOBO,kiwi-2.csv,XGB,248,9.4,10.156793594360352
LOBO,kiwi-2.csv,XGB,249,10.7,10.426642417907715
LOBO,kiwi-2.csv,XGB,250,11.9,11.171357154846191
LOBO,kiwi-2.csv,XGB,251,10.8,10.961650848388672
LOBO,kiwi-2.csv,XGB,252,9.5,11.301630020141602
LOBO,kiwi-2.csv,XGB,253,12.1,11.64387321472168
LOBO,kiwi-2.csv,XGB,254,10.5,10.563817977905273
LOBO,kiwi-2.csv,XGB,255,9.7,11.15541934967041
LOBO,kiwi-2.csv,XGB,256,10.3,11.35463809967041
LOBO,kiwi-2.csv,XGB,257,11.1,9.828682899475098
LOBO,kiwi-2.csv,XGB,258,10.7,11.155291557312012
LOBO,kiwi-2.csv,XGB,259,8.9,11.346426963806152
LOBO,kiwi-2.csv,XGB,260,7.3,10.109322547912598
LOBO,kiwi-2.csv,XGB,261,9.1,11.26163387298584
LOBO,kiwi-2.csv,XGB,262,8.8,9.378182411193848
LOBO,kiwi-2.csv,XGB,263,8.0,10.805374145507812
LOBO,kiwi-2.csv,XGB,264,8.1,9.92516803741455
LOBO,kiwi-2.csv,XGB,265,7.6,10.399652481079102
LOBO,kiwi-2.csv,XGB,266,8.3,8.987381935119629
LOBO,kiwi-2.csv,XGB,267,10.4,9.950735092163086
LOBO,kiwi-2.csv,XGB,268,9.5,10.820449829101562
LOBO,kiwi-2.csv,XGB,269,10.0,8.197563171386719
LOBO,kiwi-2.csv,XGB,270,8.9,10.519679069519043
LOBO,kiwi-2.csv,XGB,271,9.5,10.754490852355957
LOBO,kiwi-2.csv,XGB,272,9.4,11.753857612609863
LOBO,kiwi-2.csv,XGB,273,11.3,10.508329391479492
LOBO,kiwi-2.csv,XGB,274,9.5,9.500338554382324
LOBO,kiwi-2.csv,XGB,275,8.8,10.978605270385742
LOBO,kiwi-2.csv,XGB,276,11.0,10.134431838989258
LOBO,kiwi-2.csv,XGB,277,9.9,9.561266899108887
LOBO,kiwi-2.csv,XGB,278,9.6,10.363698959350586
LOBO,kiwi-2.csv,XGB,279,10.2,11.111454963684082
LOBO,kiwi-2.csv,MPHNN,140,11.5,11.145739555358887
LOBO,kiwi-2.csv,MPHNN,141,11.8,11.136805534362793
LOBO,kiwi-2.csv,MPHNN,142,11.3,11.15810489654541
LOBO,kiwi-2.csv,MPHNN,143,12.9,11.175712585449219
LOBO,kiwi-2.csv,MPHNN,144,12.5,11.146798133850098
LOBO,kiwi-2.csv,MPHNN,145,11.6,11.156975746154785
LOBO,kiwi-2.csv,MPHNN,146,12.5,11.170805931091309
LOBO,kiwi-2.csv,MPHNN,147,12.7,11.165071487426758
LOBO,kiwi-2.csv,MPHNN,148,12.8,11.184329986572266
LOBO,kiwi-2.csv,MPHNN,149,14.4,11.17369270324707
LOBO,kiwi-2.csv,MPHNN,150,16.6,11.18567180633545
LOBO,kiwi-2.csv,MPHNN,151,12.1,11.175183296203613
LOBO,kiwi-2.csv,MPHNN,152,12.2,11.168658256530762
LOBO,kiwi-2.csv,MPHNN,153,14.9,11.15153694152832
LOBO,kiwi-2.csv,MPHNN,154,12.8,11.149406433105469
LOBO,kiwi-2.csv,MPHNN,155,12.6,11.190350532531738
LOBO,kiwi-2.csv,MPHNN,156,12.0,11.143952369689941
LOBO,kiwi-2.csv,MPHNN,157,14.3,11.183280944824219
LOBO,kiwi-2.csv,MPHNN,158,16.1,11.098489761352539
LOBO,kiwi-2.csv,MPHNN,159,14.0,11.186235427856445
LOBO,kiwi-2.csv,MPHNN,160,11.0,11.166077613830566
LOBO,kiwi-2.csv,MPHNN,161,14.8,11.135491371154785
LOBO,kiwi-2.csv,MPHNN,162,16.0,11.205208778381348
LOBO,kiwi-2.csv,MPHNN,163,12.0,11.139815330505371
LOBO,kiwi-2.csv,MPHNN,164,12.9,11.182506561279297
LOBO,kiwi-2.csv,MPHNN,165,10.9,11.155773162841797
LOBO,kiwi-2.csv,MPHNN,166,15.0,11.13458251953125
LOBO,kiwi-2.csv,MPHNN,167,10.8,11.145746231079102
LOBO,kiwi-2.csv,MPHNN,168,9.8,11.167032241821289
LOBO,kiwi-2.csv,MPHNN,169,10.1,11.091011047363281
LOBO,kiwi-2.csv,MPHNN,170,10.9,11.104928970336914
LOBO,kiwi-2.csv,MPHNN,171,11.1,11.172882080078125
LOBO,kiwi-2.csv,MPHNN,172,13.0,11.174274444580078
LOBO,kiwi-2.csv,MPHNN,173,13.1,11.148752212524414
LOBO,kiwi-2.csv,MPHNN,174,12.0,11.163618087768555
LOBO,kiwi-2.csv,MPHNN,175,11.7,11.115982055664062
LOBO,kiwi-2.csv,MPHNN,176,11.6,11.147436141967773
LOBO,kiwi-2.csv,MPHNN,177,12.2,11.103031158447266
LOBO,kiwi-2.csv,MPHNN,178,11.8,11.207186698913574
LOBO,kiwi-2.csv,MPHNN,179,13.2,11.205077171325684
LOBO,kiwi-2.csv,MPHNN,180,11.4,11.151202201843262
LOBO,kiwi-2.csv,MPHNN,181,13.3,11.187467575073242
LOBO,kiwi-2.csv,MPHNN,182,10.8,11.209259986877441
LOBO,kiwi-2.csv,MPHNN,183,11.4,11.161094665527344
LOBO,kiwi-2.csv,MPHNN,184,10.9,11.175107955932617
LOBO,kiwi-2.csv,MPHNN,185,10.7,11.141334533691406
LOBO,kiwi-2.csv,MPHNN,186,13.4,11.195791244506836
LOBO,kiwi-2.csv,MPHNN,187,11.6,11.15864372253418
LOBO,kiwi-2.csv,MPHNN,188,13.1,11.123088836669922
LOBO,kiwi-2.csv,MPHNN,189,11.4,11.157329559326172
LOBO,kiwi-2.csv,MPHNN,190,11.6,11.121417999267578
LOBO,kiwi-2.csv,MPHNN,191,10.0,11.079784393310547
LOBO,kiwi-2.csv,MPHNN,192,9.8,11.157657623291016
LOBO,kiwi-2.csv,MPHNN,193,11.5,11.129240036010742
LOBO,kiwi-2.csv,MPHNN,194,12.8,11.179361343383789
LOBO,kiwi-2.csv,MPHNN,195,14.3,11.187536239624023
LOBO,kiwi-2.csv,MPHNN,196,12.3,11.148627281188965
LOBO,kiwi-2.csv,MPHNN,197,10.9,11.184349060058594
LOBO,kiwi-2.csv,MPHNN,198,13.2,11.117476463317871
LOBO,kiwi-2.csv,MPHNN,199,11.0,11.136813163757324
LOBO,kiwi-2.csv,MPHNN,200,9.3,11.179712295532227
LOBO,kiwi-2.csv,MPHNN,201,12.0,11.13011646270752
LOBO,kiwi-2.csv,MPHNN,202,11.5,11.188874244689941
LOBO,kiwi-2.csv,MPHNN,203,14.8,11.188831329345703
LOBO,kiwi-2.csv,MPHNN,204,13.8,11.18127727508545
LOBO,kiwi-2.csv,MPHNN,205,12.8,11.18452262878418
LOBO,kiwi-2.csv,MPHNN,206,12.0,11.180170059204102
LOBO,kiwi-2.csv,MPHNN,207,12.4,11.17983627319336
LOBO,kiwi-2.csv,MPHNN,208,13.8,11.179411888122559
LOBO,kiwi-2.csv,MPHNN,209,13.2,11.198540687561035
LOBO,kiwi-2.csv,MPHNN,210,12.3,11.202686309814453
LOBO,kiwi-2.csv,MPHNN,211,12.6,11.147173881530762
LOBO,kiwi-2.csv,MPHNN,212,12.5,11.174596786499023
LOBO,kiwi-2.csv,MPHNN,213,12.9,11.154855728149414
LOBO,kiwi-2.csv,MPHNN,214,13.6,11.169201850891113
LOBO,kiwi-2.csv,MPHNN,215,12.7,11.156303405761719
LOBO,kiwi-2.csv,MPHNN,216,12.5,11.19418716430664
LOBO,kiwi-2.csv,MPHNN,217,12.8,11.186248779296875
LOBO,kiwi-2.csv,MPHNN,218,11.8,11.1968994140625
LOBO,kiwi-2.csv,MPHNN,219,15.2,11.16360855102539
LOBO,kiwi-2.csv,MPHNN,220,12.3,11.168600082397461
LOBO,kiwi-2.csv,MPHNN,221,13.9,11.109703063964844
LOBO,kiwi-2.csv,MPHNN,222,12.7,11.184439659118652
LOBO,kiwi-2.csv,MPHNN,223,12.6,11.163269996643066
LOBO,kiwi-2.csv,MPHNN,224,12.9,11.168008804321289
LOBO,kiwi-2.csv,MPHNN,225,14.6,11.172074317932129
LOBO,kiwi-2.csv,MPHNN,226,10.9,11.152982711791992
LOBO,kiwi-2.csv,MPHNN,227,13.1,11.13314151763916
LOBO,kiwi-2.csv,MPHNN,228,14.0,11.141572952270508
LOBO,kiwi-2.csv,MPHNN,229,12.5,11.146041870117188
LOBO,kiwi-2.csv,MPHNN,230,11.7,11.15683650970459
LOBO,kiwi-2.csv,MPHNN,231,9.2,11.170379638671875
LOBO,kiwi-2.csv,MPHNN,232,10.4,11.142269134521484
LOBO,kiwi-2.csv,MPHNN,233,10.2,11.176559448242188
LOBO,kiwi-2.csv,MPHNN,234,10.7,11.132711410522461
LOBO,kiwi-2.csv,MPHNN,235,10.4,11.137907981872559
LOBO,kiwi-2.csv,MPHNN,236,11.6,11.164604187011719
LOBO,kiwi-2.csv,MPHNN,237,11.5,11.106334686279297
LOBO,kiwi-2.csv,MPHNN,238,12.8,11.127705574035645
LOBO,kiwi-2.csv,MPHNN,239,10.2,11.160284996032715
LOBO,kiwi-2.csv,MPHNN,240,10.0,11.156391143798828
LOBO,kiwi-2.csv,MPHNN,241,10.6,11.12026596069336
LOBO,kiwi-2.csv,MPHNN,242,10.7,11.163328170776367
LOBO,kiwi-2.csv,MPHNN,243,9.0,11.151643753051758
LOBO,kiwi-2.csv,MPHNN,244,12.4,11.145530700683594
LOBO,kiwi-2.csv,MPHNN,245,11.3,11.14245891571045
LOBO,kiwi-2.csv,MPHNN,246,10.6,11.11605167388916
LOBO,kiwi-2.csv,MPHNN,247,10.9,11.111593246459961
LOBO,kiwi-2.csv,MPHNN,248,9.4,11.118969917297363
LOBO,kiwi-2.csv,MPHNN,249,10.7,11.115968704223633
LOBO,kiwi-2.csv,MPHNN,250,11.9,11.091840744018555
LOBO,kiwi-2.csv,MPHNN,251,10.8,11.1498384475708
LOBO,kiwi-2.csv,MPHNN,252,9.5,11.141704559326172
LOBO,kiwi-2.csv,MPHNN,253,12.1,11.140291213989258
LOBO,kiwi-2.csv,MPHNN,254,10.5,11.115639686584473
LOBO,kiwi-2.csv,MPHNN,255,9.7,11.122535705566406
LOBO,kiwi-2.csv,MPHNN,256,10.3,11.110231399536133
LOBO,kiwi-2.csv,MPHNN,257,11.1,11.126811981201172
LOBO,kiwi-2.csv,MPHNN,258,10.7,11.083518028259277
LOBO,kiwi-2.csv,MPHNN,259,8.9,11.133331298828125
LOBO,kiwi-2.csv,MPHNN,260,7.3,11.137022972106934
LOBO,kiwi-2.csv,MPHNN,261,9.1,11.128971099853516
LOBO,kiwi-2.csv,MPHNN,262,8.8,11.147214889526367
LOBO,kiwi-2.csv,MPHNN,263,8.0,11.069892883300781
LOBO,kiwi-2.csv,MPHNN,264,8.1,11.164899826049805
LOBO,kiwi-2.csv,MPHNN,265,7.6,11.11404800415039
LOBO,kiwi-2.csv,MPHNN,266,8.3,11.124275207519531
LOBO,kiwi-2.csv,MPHNN,267,10.4,11.130891799926758
LOBO,kiwi-2.csv,MPHNN,268,9.5,11.070384979248047
LOBO,kiwi-2.csv,MPHNN,269,10.0,11.128271102905273
LOBO,kiwi-2.csv,MPHNN,270,8.9,11.104594230651855
LOBO,kiwi-2.csv,MPHNN,271,9.5,11.10876178741455
LOBO,kiwi-2.csv,MPHNN,272,9.4,11.085165023803711
LOBO,kiwi-2.csv,MPHNN,273,11.3,11.134214401245117
LOBO,kiwi-2.csv,MPHNN,274,9.5,11.125425338745117
LOBO,kiwi-2.csv,MPHNN,275,8.8,11.131111145019531
LOBO,kiwi-2.csv,MPHNN,276,11.0,11.087701797485352
LOBO,kiwi-2.csv,MPHNN,277,9.9,11.093080520629883
LOBO,kiwi-2.csv,MPHNN,278,9.6,11.099187850952148
LOBO,kiwi-2.csv,MPHNN,279,10.2,11.152666091918945
LOBO,kiwi-3.csv,PLS,280,11.5,11.42221252963541
LOBO,kiwi-3.csv,PLS,281,11.8,12.546794561676972
LOBO,kiwi-3.csv,PLS,282,11.3,11.279080624163967
LOBO,kiwi-3.csv,PLS,283,12.9,13.254585860274057
LOBO,kiwi-3.csv,PLS,284,12.5,11.272804811522306
LOBO,kiwi-3.csv,PLS,285,11.6,12.14951947341105
LOBO,kiwi-3.csv,PLS,286,12.5,12.49138826378758
LOBO,kiwi-3.csv,PLS,287,12.7,12.237697951014805
LOBO,kiwi-3.csv,PLS,288,12.8,11.273872439149024
LOBO,kiwi-3.csv,PLS,289,14.4,12.35768129242362
LOBO,kiwi-3.csv,PLS,290,16.6,13.527736156723147
LOBO,kiwi-3.csv,PLS,291,12.1,12.331034655747235
LOBO,kiwi-3.csv,PLS,292,12.2,11.494576367043063
LOBO,kiwi-3.csv,PLS,293,14.9,11.943742381946594
LOBO,kiwi-3.csv,PLS,294,12.8,13.643666845033298
LOBO,kiwi-3.csv,PLS,295,12.6,13.726364020287782
LOBO,kiwi-3.csv,PLS,296,12.0,12.495210052526176
LOBO,kiwi-3.csv,PLS,297,14.3,13.498811304117943
LOBO,kiwi-3.csv,PLS,298,16.1,12.841657232378147
LOBO,kiwi-3.csv,PLS,299,14.0,12.370665987119745
LOBO,kiwi-3.csv,PLS,300,11.0,11.03948703495343
LOBO,kiwi-3.csv,PLS,301,14.8,12.70092042465765
LOBO,kiwi-3.csv,PLS,302,16.0,13.48298942366661
LOBO,kiwi-3.csv,PLS,303,12.0,12.691272305964866
LOBO,kiwi-3.csv,PLS,304,12.9,13.720245052238482
LOBO,kiwi-3.csv,PLS,305,10.9,12.079228430351002
LOBO,kiwi-3.csv,PLS,306,15.0,12.493866512652247
LOBO,kiwi-3.csv,PLS,307,10.8,9.492212087267944
LOBO,kiwi-3.csv,PLS,308,9.8,11.257008916488818
LOBO,kiwi-3.csv,PLS,309,10.1,11.90082987204288
LOBO,kiwi-3.csv,PLS,310,10.9,12.112348564553812
LOBO,kiwi-3.csv,PLS,311,11.1,13.068410036961893
LOBO,kiwi-3.csv,PLS,312,13.0,12.322569758104208
LOBO,kiwi-3.csv,PLS,313,13.1,11.951179388937202
LOBO,kiwi-3.csv,PLS,314,12.0,11.846410129310625
LOBO,kiwi-3.csv,PLS,315,11.7,12.32448031457774
LOBO,kiwi-3.csv,PLS,316,11.6,12.218264805886712
LOBO,kiwi-3.csv,PLS,317,12.2,12.478788292791748
LOBO,kiwi-3.csv,PLS,318,11.8,13.041555836162013
LOBO,kiwi-3.csv,PLS,319,13.2,13.252014478951045
LOBO,kiwi-3.csv,PLS,320,11.4,12.603551578247586
LOBO,kiwi-3.csv,PLS,321,13.3,11.430774568834563
LOBO,kiwi-3.csv,PLS,322,10.8,10.587255804787674
LOBO,kiwi-3.csv,PLS,323,11.4,12.223698893901776
LOBO,kiwi-3.csv,PLS,324,10.9,13.777752628747644
LOBO,kiwi-3.csv,PLS,325,10.7,12.344490899395854
LOBO,kiwi-3.csv,PLS,326,13.4,13.956191617537115
LOBO,kiwi-3.csv,PLS,327,11.6,11.747442977384305
LOBO,kiwi-3.csv,PLS,328,13.1,9.8795363280938
LOBO,kiwi-3.csv,PLS,329,11.4,11.202203326341014
LOBO,kiwi-3.csv,PLS,330,11.6,10.686142470928461
LOBO,kiwi-3.csv,PLS,331,10.0,10.339241115840423
LOBO,kiwi-3.csv,PLS,332,9.8,11.913513000239481
LOBO,kiwi-3.csv,PLS,333,11.5,11.427064376275066
LOBO,kiwi-3.csv,PLS,334,12.8,12.526039108015723
LOBO,kiwi-3.csv,PLS,335,14.3,13.196776485719308
LOBO,kiwi-3.csv,PLS,336,12.3,11.612013564457568
LOBO,kiwi-3.csv,PLS,337,10.9,11.272165533021946
LOBO,kiwi-3.csv,PLS,338,13.2,11.407745794720855
LOBO,kiwi-3.csv,PLS,339,11.0,13.432809886625245
LOBO,kiwi-3.csv,PLS,340,9.3,10.773307695301725
LOBO,kiwi-3.csv,PLS,341,12.0,11.854490399375319
LOBO,kiwi-3.csv,PLS,342,11.5,13.174532137199435
LOBO,kiwi-3.csv,PLS,343,14.8,14.060791836383489
LOBO,kiwi-3.csv,PLS,344,13.8,11.63302645532319
LOBO,kiwi-3.csv,PLS,345,12.8,12.789507292379884
LOBO,kiwi-3.csv,PLS,346,12.0,12.335100316724573
LOBO,kiwi-3.csv,PLS,347,12.4,13.295800859652372
LOBO,kiwi-3.csv,PLS,348,13.8,13.077580442947417
LOBO,kiwi-3.csv,PLS,349,13.2,13.804231673311763
LOBO,kiwi-3.csv,PLS,350,12.3,12.324230113684271
LOBO,kiwi-3.csv,PLS,351,12.6,13.212045859868931
LOBO,kiwi-3.csv,PLS,352,12.5,11.849683984168038
LOBO,kiwi-3.csv,PLS,353,12.9,13.457220418056018
LOBO,kiwi-3.csv,PLS,354,13.6,13.058402558377704
LOBO,kiwi-3.csv,PLS,355,12.7,12.081985944306341
LOBO,kiwi-3.csv,PLS,356,12.5,12.067254819521896
LOBO,kiwi-3.csv,PLS,357,12.8,11.944195299175258
LOBO,kiwi-3.csv,PLS,358,11.8,11.185157120194923
LOBO,kiwi-3.csv,PLS,359,15.2,14.556833339989558
LOBO,kiwi-3.csv,PLS,360,12.3,13.836026068294164
LOBO,kiwi-3.csv,PLS,361,13.9,13.719721111348157
LOBO,kiwi-3.csv,PLS,362,12.7,14.216543596024014
LOBO,kiwi-3.csv,PLS,363,12.6,12.02694911899034
LOBO,kiwi-3.csv,PLS,364,12.9,11.92167318460809
LOBO,kiwi-3.csv,PLS,365,14.6,12.48860124919086
LOBO,kiwi-3.csv,PLS,366,10.9,12.967334108203817
LOBO,kiwi-3.csv,PLS,367,13.1,13.004343506921092
LOBO,kiwi-3.csv,PLS,368,14.0,11.819820195846614
LOBO,kiwi-3.csv,PLS,369,12.5,11.676275584656045
LOBO,kiwi-3.csv,PLS,370,11.7,11.506927664696452
LOBO,kiwi-3.csv,PLS,371,9.2,11.121266298496247
LOBO,kiwi-3.csv,PLS,372,10.4,11.817567573210871
LOBO,kiwi-3.csv,PLS,373,10.2,11.41887792685597
LOBO,kiwi-3.csv,PLS,374,10.7,13.599025628943913
LOBO,kiwi-3.csv,PLS,375,10.4,11.188892063219397
LOBO,kiwi-3.csv,PLS,376,11.6,10.903390029597604
LOBO,kiwi-3.csv,PLS,377,11.5,11.960229397985602
LOBO,kiwi-3.csv,PLS,378,12.8,10.307559550476773
LOBO,kiwi-3.csv,PLS,379,10.2,10.127189558492498
LOBO,kiwi-3.csv,PLS,380,10.0,10.278335477155402
LOBO,kiwi-3.csv,PLS,381,10.6,10.318480304012798
LOBO,kiwi-3.csv,PLS,382,10.7,10.401479161762953
LOBO,kiwi-3.csv,PLS,383,9.0,11.225098792824511
LOBO,kiwi-3.csv,PLS,384,12.4,11.872073384881771
LOBO,kiwi-3.csv,PLS,385,11.3,10.965371005840035
LOBO,kiwi-3.csv,PLS,386,10.6,10.333894291224816
LOBO,kiwi-3.csv,PLS,387,10.9,11.688126291206398
LOBO,kiwi-3.csv,PLS,388,9.4,11.236239960090831
LOBO,kiwi-3.csv,PLS,389,10.7,10.521345670968376
LOBO,kiwi-3.csv,PLS,390,11.9,10.486951222921887
LOBO,kiwi-3.csv,PLS,391,10.8,10.931037830217388
LOBO,kiwi-3.csv,PLS,392,9.5,10.881722678897141
LOBO,kiwi-3.csv,PLS,393,12.1,11.109722521547745
LOBO,kiwi-3.csv,PLS,394,10.5,10.602863659827602
LOBO,kiwi-3.csv,PLS,395,9.7,9.601742877074336
LOBO,kiwi-3.csv,PLS,396,10.3,11.209090202587056
LOBO,kiwi-3.csv,PLS,397,11.1,9.797076670100934
LOBO,kiwi-3.csv,PLS,398,10.7,9.96005884336008
LOBO,kiwi-3.csv,PLS,399,8.9,9.693901674420719
LOBO,kiwi-3.csv,PLS,400,7.3,9.040514546018908
LOBO,kiwi-3.csv,PLS,401,9.1,9.507430774139234
LOBO,kiwi-3.csv,PLS,402,8.8,9.358972013998063
LOBO,kiwi-3.csv,PLS,403,8.0,10.109456753443645
LOBO,kiwi-3.csv,PLS,404,8.1,8.971138697608112
LOBO,kiwi-3.csv,PLS,405,7.6,10.052078769096802
LOBO,kiwi-3.csv,PLS,406,8.3,10.386779999658906
LOBO,kiwi-3.csv,PLS,407,10.4,8.711962865510115
LOBO,kiwi-3.csv,PLS,408,9.5,6.661821334132981
LOBO,kiwi-3.csv,PLS,409,10.0,10.012640687174224
LOBO,kiwi-3.csv,PLS,410,8.9,9.996919173973794
LOBO,kiwi-3.csv,PLS,411,9.5,8.187966516729258
LOBO,kiwi-3.csv,PLS,412,9.4,9.219059294882454
LOBO,kiwi-3.csv,PLS,413,11.3,9.118429986103909
LOBO,kiwi-3.csv,PLS,414,9.5,9.763300121324434
LOBO,kiwi-3.csv,PLS,415,8.8,9.203027510147546
LOBO,kiwi-3.csv,PLS,416,11.0,11.214660932330936
LOBO,kiwi-3.csv,PLS,417,9.9,8.480337503670881
LOBO,kiwi-3.csv,PLS,418,9.6,8.939427120955155
LOBO,kiwi-3.csv,PLS,419,10.2,11.810605331083554
LOBO,kiwi-3.csv,SVR,280,11.5,12.28595224552404
LOBO,kiwi-3.csv,SVR,281,11.8,12.503885343669225
LOBO,kiwi-3.csv,SVR,282,11.3,12.19101837840272
LOBO,kiwi-3.csv,SVR,283,12.9,13.206086916253518
LOBO,kiwi-3.csv,SVR,284,12.5,11.936800375084816
LOBO,kiwi-3.csv,SVR,285,11.6,12.422893162455777
LOBO,kiwi-3.csv,SVR,286,12.5,12.709480115980007
LOBO,kiwi-3.csv,SVR,287,12.7,10.74397924526881
LOBO,kiwi-3.csv,SVR,288,12.8,11.206503190510643
LOBO,kiwi-3.csv,SVR,289,14.4,11.973891731630955
LOBO,kiwi-3.csv,SVR,290,16.6,12.442775617141775
LOBO,kiwi-3.csv,SVR,291,12.1,12.049482631358162
LOBO,kiwi-3.csv,SVR,292,12.2,10.887047118139106
LOBO,kiwi-3.csv,SVR,293,14.9,12.681253242089078
LOBO,kiwi-3.csv,SVR,294,12.8,12.474629948399832
LOBO,kiwi-3.csv,SVR,295,12.6,12.746473686411774
LOBO,kiwi-3.csv,SVR,296,12.0,12.212250670020632
LOBO,kiwi-3.csv,SVR,297,14.3,13.119731044374282
LOBO,kiwi-3.csv,SVR,298,16.1,11.928628614546916
LOBO,kiwi-3.csv,SVR,299,14.0,12.904607288816324
LOBO,kiwi-3.csv,SVR,300,11.0,11.348273832933604
LOBO,kiwi-3.csv,SVR,301,14.8,12.185318218946787
LOBO,kiwi-3.csv,SVR,302,16.0,13.502840078420945
LOBO,kiwi-3.csv,SVR,303,12.0,12.79524629700898
LOBO,kiwi-3.csv,SVR,304,12.9,12.997031668077856
LOBO,kiwi-3.csv,SVR,305,10.9,11.495724355826503
LOBO,kiwi-3.csv,SVR,306,15.0,12.546721711969752
LOBO,kiwi-3.csv,SVR,307,10.8,11.720719475616356
LOBO,kiwi-3.csv,SVR,308,9.8,11.233688747872653
LOBO,kiwi-3.csv,SVR,309,10.1,11.371118698755556
LOBO,kiwi-3.csv,SVR,310,10.9,12.553322650764835
LOBO,kiwi-3.csv,SVR,311,11.1,12.61734935551355
LOBO,kiwi-3.csv,SVR,312,13.0,11.925451754609364
LOBO,kiwi-3.csv,SVR,313,13.1,11.494101137230981
LOBO,kiwi-3.csv,SVR,314,12.0,10.949623674121053
LOBO,kiwi-3.csv,SVR,315,11.7,11.731863152585095
LOBO,kiwi-3.csv,SVR,316,11.6,12.344794609956496
LOBO,kiwi-3.csv,SVR,317,12.2,11.392970211552523
LOBO,kiwi-3.csv,SVR,318,11.8,12.200126473301319
LOBO,kiwi-3.csv,SVR,319,13.2,12.350996090818231
LOBO,kiwi-3.csv,SVR,320,11.4,12.58294661006591
LOBO,kiwi-3.csv,SVR,321,13.3,12.308304357054194
LOBO,kiwi-3.csv,SVR,322,10.8,11.373399493534867
LOBO,kiwi-3.csv,SVR,323,11.4,12.56600441365169
LOBO,kiwi-3.csv,SVR,324,10.9,11.849957681647322
LOBO,kiwi-3.csv,SVR,325,10.7,11.751071435333316
LOBO,kiwi-3.csv,SVR,326,13.4,12.835143596623382
LOBO,kiwi-3.csv,SVR,327,11.6,10.907871195898837
LOBO,kiwi-3.csv,SVR,328,13.1,11.051738350231728
LOBO,kiwi-3.csv,SVR,329,11.4,11.402992336276004
LOBO,kiwi-3.csv,SVR,330,11.6,11.115462222882659
LOBO,kiwi-3.csv,SVR,331,10.0,11.092367812249513
LOBO,kiwi-3.csv,SVR,332,9.8,12.768591019740311
LOBO,kiwi-3.csv,SVR,333,11.5,11.213492667968831
LOBO,kiwi-3.csv,SVR,334,12.8,12.842319435372286
LOBO,kiwi-3.csv,SVR,335,14.3,12.519988616512254
LOBO,kiwi-3.csv,SVR,336,12.3,11.905223897041884
LOBO,kiwi-3.csv,SVR,337,10.9,12.85040446003731
LOBO,kiwi-3.csv,SVR,338,13.2,12.017778471474278
LOBO,kiwi-3.csv,SVR,339,11.0,12.523760290036831
LOBO,kiwi-3.csv,SVR,340,9.3,11.829503847130649
LOBO,kiwi-3.csv,SVR,341,12.0,12.35032581378783
LOBO,kiwi-3.csv,SVR,342,11.5,12.757105638778453
LOBO,kiwi-3.csv,SVR,343,14.8,11.791630972767884
LOBO,kiwi-3.csv,SVR,344,13.8,12.264658439903764
LOBO,kiwi-3.csv,SVR,345,12.8,12.339547686988926
LOBO,kiwi-3.csv,SVR,346,12.0,12.124661679270826
LOBO,kiwi-3.csv,SVR,347,12.4,12.494956663649567
LOBO,kiwi-3.csv,SVR,348,13.8,11.634402589230229
LOBO,kiwi-3.csv,SVR,349,13.2,12.72541690847474
LOBO,kiwi-3.csv,SVR,350,12.3,13.25899000191135
LOBO,kiwi-3.csv,SVR,351,12.6,14.262393734638074
LOBO,kiwi-3.csv,SVR,352,12.5,11.51170201636037
LOBO,kiwi-3.csv,SVR,353,12.9,12.394457159658113
LOBO,kiwi-3.csv,SVR,354,13.6,12.77088118947672
LOBO,kiwi-3.csv,SVR,355,12.7,11.615338089544798
LOBO,kiwi-3.csv,SVR,356,12.5,12.821882789661595
LOBO,kiwi-3.csv,SVR,357,12.8,12.215512317870834
LOBO,kiwi-3.csv,SVR,358,11.8,11.4505126321006
LOBO,kiwi-3.csv,SVR,359,15.2,11.333074692980652
LOBO,kiwi-3.csv,SVR,360,12.3,11.264550076301354
LOBO,kiwi-3.csv,SVR,361,13.9,12.259917066952
LOBO,kiwi-3.csv,SVR,362,12.7,12.154478743013204
LOBO,kiwi-3.csv,SVR,363,12.6,11.554685640615311
LOBO,kiwi-3.csv,SVR,364,12.9,12.660638840596974
LOBO,kiwi-3.csv,SVR,365,14.6,11.857319231869527
LOBO,kiwi-3.csv,SVR,366,10.9,10.429588143704112
LOBO,kiwi-3.csv,SVR,367,13.1,12.700229911541946
LOBO,kiwi-3.csv,SVR,368,14.0,12.10305316984755
LOBO,kiwi-3.csv,SVR,369,12.5,11.17269618406446
LOBO,kiwi-3.csv,SVR,370,11.7,11.801647263620232
LOBO,kiwi-3.csv,SVR,371,9.2,11.534784097362762
LOBO,kiwi-3.csv,SVR,372,10.4,11.145847545452156
LOBO,kiwi-3.csv,SVR,373,10.2,11.769456933753895
LOBO,kiwi-3.csv,SVR,374,10.7,11.71079912576028
LOBO,kiwi-3.csv,SVR,375,10.4,9.814261199243163
LOBO,kiwi-3.csv,SVR,376,11.6,12.155580516410419
LOBO,kiwi-3.csv,SVR,377,11.5,11.076632944028802
LOBO,kiwi-3.csv,SVR,378,12.8,11.601369742523946
LOBO,kiwi-3.csv,SVR,379,10.2,11.667826239948043
LOBO,kiwi-3.csv,SVR,380,10.0,11.130218002016749
LOBO,kiwi-3.csv,SVR,381,10.6,11.49732331764319
LOBO,kiwi-3.csv,SVR,382,10.7,11.909237377972483
LOBO,kiwi-3.csv,SVR,383,9.0,12.157657429200794
LOBO,kiwi-3.csv,SVR,384,12.4,12.56269288930988
LOBO,kiwi-3.csv,SVR,385,11.3,12.67281720901681
LOBO,kiwi-3.csv,SVR,386,10.6,10.840662048798524
LOBO,kiwi-3.csv,SVR,387,10.9,11.836748551681666
LOBO,kiwi-3.csv,SVR,388,9.4,11.030787048150211
LOBO,kiwi-3.csv,SVR,389,10.7,11.233612470458823
LOBO,kiwi-3.csv,SVR,390,11.9,11.688614681445374
LOBO,kiwi-3.csv,SVR,391,10.8,12.434167689477542
LOBO,kiwi-3.csv,SVR,392,9.5,11.832374530835446
LOBO,kiwi-3.csv,SVR,393,12.1,11.610247207473277
LOBO,kiwi-3.csv,SVR,394,10.5,11.472132326661301
LOBO,kiwi-3.csv,SVR,395,9.7,11.335502045061798
LOBO,kiwi-3.csv,SVR,396,10.3,11.041516665271256
LOBO,kiwi-3.csv,SVR,397,11.1,10.887608854940156
LOBO,kiwi-3.csv,SVR,398,10.7,10.947254243249006
LOBO,kiwi-3.csv,SVR,399,8.9,11.101054419531618
LOBO,kiwi-3.csv,SVR,400,7.3,11.700477115770303
LOBO,kiwi-3.csv,SVR,401,9.1,11.10446967249085
LOBO,kiwi-3.csv,SVR,402,8.8,10.841813337446798
LOBO,kiwi-3.csv,SVR,403,8.0,11.213701796305795
LOBO,kiwi-3.csv,SVR,404,8.1,11.241126032273836
LOBO,kiwi-3.csv,SVR,405,7.6,11.182277334718485
LOBO,kiwi-3.csv,SVR,406,8.3,12.677526145188308
LOBO,kiwi-3.csv,SVR,407,10.4,10.088518316833845
LOBO,kiwi-3.csv,SVR,408,9.5,8.964799012728657
LOBO,kiwi-3.csv,SVR,409,10.0,10.84937887342167
LOBO,kiwi-3.csv,SVR,410,8.9,10.032006634578247
LOBO,kiwi-3.csv,SVR,411,9.5,11.545403131401914
LOBO,kiwi-3.csv,SVR,412,9.4,11.462315088417764
LOBO,kiwi-3.csv,SVR,413,11.3,10.532800558568841
LOBO,kiwi-3.csv,SVR,414,9.5,10.445184916725141
LOBO,kiwi-3.csv,SVR,415,8.8,11.383464496088239
LOBO,kiwi-3.csv,SVR,416,11.0,10.540990501941629
LOBO,kiwi-3.csv,SVR,417,9.9,9.711542907920268
LOBO,kiwi-3.csv,SVR,418,9.6,10.533546730512446
LOBO,kiwi-3.csv,SVR,419,10.2,12.77426232226254
LOBO,kiwi-3.csv,XGB,280,11.5,12.3151273727417
LOBO,kiwi-3.csv,XGB,281,11.8,12.655988693237305
LOBO,kiwi-3.csv,XGB,282,11.3,12.031402587890625
LOBO,kiwi-3.csv,XGB,283,12.9,12.623199462890625
LOBO,kiwi-3.csv,XGB,284,12.5,11.553116798400879
LOBO,kiwi-3.csv,XGB,285,11.6,12.543661117553711
LOBO,kiwi-3.csv,XGB,286,12.5,12.899493217468262
LOBO,kiwi-3.csv,XGB,287,12.7,9.853643417358398
LOBO,kiwi-3.csv,XGB,288,12.8,13.649624824523926
LOBO,kiwi-3.csv,XGB,289,14.4,14.158204078674316
LOBO,kiwi-3.csv,XGB,290,16.6,12.982905387878418
LOBO,kiwi-3.csv,XGB,291,12.1,12.07956314086914
LOBO,kiwi-3.csv,XGB,292,12.2,12.65001106262207
LOBO,kiwi-3.csv,XGB,293,14.9,13.033403396606445
LOBO,kiwi-3.csv,XGB,294,12.8,12.705248832702637
LOBO,kiwi-3.csv,XGB,295,12.6,13.351758003234863
LOBO,kiwi-3.csv,XGB,296,12.0,12.882152557373047
LOBO,kiwi-3.csv,XGB,297,14.3,14.250802040100098
LOBO,kiwi-3.csv,XGB,298,16.1,12.71310806274414
LOBO,kiwi-3.csv,XGB,299,14.0,13.214332580566406
LOBO,kiwi-3.csv,XGB,300,11.0,11.009405136108398
LOBO,kiwi-3.csv,XGB,301,14.8,12.535268783569336
LOBO,kiwi-3.csv,XGB,302,16.0,13.58285903930664
LOBO,kiwi-3.csv,XGB,303,12.0,12.247049331665039
LOBO,kiwi-3.csv,XGB,304,12.9,13.12247085571289
LOBO,kiwi-3.csv,XGB,305,10.9,11.23156452178955
LOBO,kiwi-3.csv,XGB,306,15.0,12.744094848632812
LOBO,kiwi-3.csv,XGB,307,10.8,12.899127006530762
LOBO,kiwi-3.csv,XGB,308,9.8,12.30461311340332
LOBO,kiwi-3.csv,XGB,309,10.1,11.594786643981934
LOBO,kiwi-3.csv,XGB,310,10.9,12.17404556274414
LOBO,kiwi-3.csv,XGB,311,11.1,12.463287353515625
LOBO,kiwi-3.csv,XGB,312,13.0,12.417854309082031
LOBO,kiwi-3.csv,XGB,313,13.1,11.660130500793457
LOBO,kiwi-3.csv,XGB,314,12.0,11.363382339477539
LOBO,kiwi-3.csv,XGB,315,11.7,8.747930526733398
LOBO,kiwi-3.csv,XGB,316,11.6,13.423748970031738
LOBO,kiwi-3.csv,XGB,317,12.2,10.793618202209473
LOBO,kiwi-3.csv,XGB,318,11.8,11.720643043518066
LOBO,kiwi-3.csv,XGB,319,13.2,12.01773452758789
LOBO,kiwi-3.csv,XGB,320,11.4,12.602067947387695
LOBO,kiwi-3.csv,XGB,321,13.3,11.843831062316895
LOBO,kiwi-3.csv,XGB,322,10.8,11.733271598815918
LOBO,kiwi-3.csv,XGB,323,11.4,12.578498840332031
LOBO,kiwi-3.csv,XGB,324,10.9,9.905172348022461
LOBO,kiwi-3.csv,XGB,325,10.7,12.268369674682617
LOBO,kiwi-3.csv,XGB,326,13.4,12.10333251953125
LOBO,kiwi-3.csv,XGB,327,11.6,10.853721618652344
LOBO,kiwi-3.csv,XGB,328,13.1,10.693245887756348
LOBO,kiwi-3.csv,XGB,329,11.4,12.206490516662598
LOBO,kiwi-3.csv,XGB,330,11.6,11.939438819885254
LOBO,kiwi-3.csv,XGB,331,10.0,9.10739517211914
LOBO,kiwi-3.csv,XGB,332,9.8,13.869894981384277
LOBO,kiwi-3.csv,XGB,333,11.5,11.39316463470459
LOBO,kiwi-3.csv,XGB,334,12.8,11.769486427307129
LOBO,kiwi-3.csv,XGB,335,14.3,13.186824798583984
LOBO,kiwi-3.csv,XGB,336,12.3,12.5469388961792
LOBO,kiwi-3.csv,XGB,337,10.9,12.956233024597168
LOBO,kiwi-3.csv,XGB,338,13.2,11.299583435058594
LOBO,kiwi-3.csv,XGB,339,11.0,12.81085205078125
LOBO,kiwi-3.csv,XGB,340,9.3,11.501616477966309
LOBO,kiwi-3.csv,XGB,341,12.0,12.219000816345215
LOBO,kiwi-3.csv,XGB,342,11.5,12.270756721496582
LOBO,kiwi-3.csv,XGB,343,14.8,12.547416687011719
LOBO,kiwi-3.csv,XGB,344,13.8,11.88132381439209
LOBO,kiwi-3.csv,XGB,345,12.8,12.250659942626953
LOBO,kiwi-3.csv,XGB,346,12.0,12.630170822143555
LOBO,kiwi-3.csv,XGB,347,12.4,13.314424514770508
LOBO,kiwi-3.csv,XGB,348,13.8,11.744549751281738
LOBO,kiwi-3.csv,XGB,349,13.2,12.353271484375
LOBO,kiwi-3.csv,XGB,350,12.3,12.355704307556152
LOBO,kiwi-3.csv,XGB,351,12.6,14.777756690979004
LOBO,kiwi-3.csv,XGB,352,12.5,10.722675323486328
LOBO,kiwi-3.csv,XGB,353,12.9,11.923225402832031
LOBO,kiwi-3.csv,XGB,354,13.6,10.946566581726074
LOBO,kiwi-3.csv,XGB,355,12.7,11.718268394470215
LOBO,kiwi-3.csv,XGB,356,12.5,13.251818656921387
LOBO,kiwi-3.csv,XGB,357,12.8,10.91835880279541
LOBO,kiwi-3.csv,XGB,358,11.8,12.28410530090332
LOBO,kiwi-3.csv,XGB,359,15.2,12.13363265991211
LOBO,kiwi-3.csv,XGB,360,12.3,11.252527236938477
LOBO,kiwi-3.csv,XGB,361,13.9,13.45544147491455
LOBO,kiwi-3.csv,XGB,362,12.7,11.44933032989502
LOBO,kiwi-3.csv,XGB,363,12.6,11.996554374694824
LOBO,kiwi-3.csv,XGB,364,12.9,11.805047035217285
LOBO,kiwi-3.csv,XGB,365,14.6,11.661291122436523
LOBO,kiwi-3.csv,XGB,366,10.9,10.77578353881836
LOBO,kiwi-3.csv,XGB,367,13.1,12.527568817138672
LOBO,kiwi-3.csv,XGB,368,14.0,12.281942367553711
LOBO,kiwi-3.csv,XGB,369,12.5,10.726469993591309
LOBO,kiwi-3.csv,XGB,370,11.7,11.282861709594727
LOBO,kiwi-3.csv,XGB,371,9.2,12.358110427856445
LOBO,kiwi-3.csv,XGB,372,10.4,10.876285552978516
LOBO,kiwi-3.csv,XGB,373,10.2,11.867968559265137
LOBO,kiwi-3.csv,XGB,374,10.7,10.734187126159668
LOBO,kiwi-3.csv,XGB,375,10.4,10.451683044433594
LOBO,kiwi-3.csv,XGB,376,11.6,12.65652847290039
LOBO,kiwi-3.csv,XGB,377,11.5,11.025653839111328
LOBO,kiwi-3.csv,XGB,378,12.8,10.612187385559082
LOBO,kiwi-3.csv,XGB,379,10.2,10.968855857849121
LOBO,kiwi-3.csv,XGB,380,10.0,11.528894424438477
LOBO,kiwi-3.csv,XGB,381,10.6,11.09831714630127
LOBO,kiwi-3.csv,XGB,382,10.7,12.133803367614746
LOBO,kiwi-3.csv,XGB,383,9.0,13.26623821258545
LOBO,kiwi-3.csv,XGB,384,12.4,12.792912483215332
LOBO,kiwi-3.csv,XGB,385,11.3,12.944043159484863
LOBO,kiwi-3.csv,XGB,386,10.6,10.179347038269043
LOBO,kiwi-3.csv,XGB,387,10.9,12.877521514892578
LOBO,kiwi-3.csv,XGB,388,9.4,10.613992691040039
LOBO,kiwi-3.csv,XGB,389,10.7,11.085715293884277
LOBO,kiwi-3.csv,XGB,390,11.9,12.2537841796875
LOBO,kiwi-3.csv,XGB,391,10.8,12.877144813537598
LOBO,kiwi-3.csv,XGB,392,9.5,11.632818222045898
LOBO,kiwi-3.csv,XGB,393,12.1,11.264549255371094
LOBO,kiwi-3.csv,XGB,394,10.5,9.792304039001465
LOBO,kiwi-3.csv,XGB,395,9.7,10.423348426818848
LOBO,kiwi-3.csv,XGB,396,10.3,10.416955947875977
LOBO,kiwi-3.csv,XGB,397,11.1,11.342184066772461
LOBO,kiwi-3.csv,XGB,398,10.7,11.181817054748535
LOBO,kiwi-3.csv,XGB,399,8.9,10.461816787719727
LOBO,kiwi-3.csv,XGB,400,7.3,11.235332489013672
LOBO,kiwi-3.csv,XGB,401,9.1,11.054162979125977
LOBO,kiwi-3.csv,XGB,402,8.8,10.319472312927246
LOBO,kiwi-3.csv,XGB,403,8.0,11.894047737121582
LOBO,kiwi-3.csv,XGB,404,8.1,10.585421562194824
LOBO,kiwi-3.csv,XGB,405,7.6,9.937702178955078
LOBO,kiwi-3.csv,XGB,406,8.3,13.328145027160645
LOBO,kiwi-3.csv,XGB,407,10.4,10.45641803741455
LOBO,kiwi-3.csv,XGB,408,9.5,9.86215877532959
LOBO,kiwi-3.csv,XGB,409,10.0,11.276962280273438
LOBO,kiwi-3.csv,XGB,410,8.9,10.097698211669922
LOBO,kiwi-3.csv,XGB,411,9.5,11.616040229797363
LOBO,kiwi-3.csv,XGB,412,9.4,13.07200813293457
LOBO,kiwi-3.csv,XGB,413,11.3,9.691790580749512
LOBO,kiwi-3.csv,XGB,414,9.5,10.036214828491211
LOBO,kiwi-3.csv,XGB,415,8.8,11.81371021270752
LOBO,kiwi-3.csv,XGB,416,11.0,10.657709121704102
LOBO,kiwi-3.csv,XGB,417,9.9,11.334047317504883
LOBO,kiwi-3.csv,XGB,418,9.6,8.833040237426758
LOBO,kiwi-3.csv,XGB,419,10.2,13.107233047485352
LOBO,kiwi-3.csv,MPHNN,280,11.5,11.4590482711792
LOBO,kiwi-3.csv,MPHNN,281,11.8,11.465399742126465
LOBO,kiwi-3.csv,MPHNN,282,11.3,11.441702842712402
LOBO,kiwi-3.csv,MPHNN,283,12.9,11.430021286010742
LOBO,kiwi-3.csv,MPHNN,284,12.5,11.404860496520996
LOBO,kiwi-3.csv,MPHNN,285,11.6,11.575468063354492
LOBO,kiwi-3.csv,MPHNN,286,12.5,11.519400596618652
LOBO,kiwi-3.csv,MPHNN,287,12.7,11.470468521118164
LOBO,kiwi-3.csv,MPHNN,288,12.8,11.499890327453613
LOBO,kiwi-3.csv,MPHNN,289,14.4,11.454788208007812
LOBO,kiwi-3.csv,MPHNN,290,16.6,11.461332321166992
LOBO,kiwi-3.csv,MPHNN,291,12.1,11.450923919677734
LOBO,kiwi-3.csv,MPHNN,292,12.2,11.363815307617188
LOBO,kiwi-3.csv,MPHNN,293,14.9,11.450541496276855
LOBO,kiwi-3.csv,MPHNN,294,12.8,11.378175735473633
LOBO,kiwi-3.csv,MPHNN,295,12.6,11.384010314941406
LOBO,kiwi-3.csv,MPHNN,296,12.0,11.406311988830566
LOBO,kiwi-3.csv,MPHNN,297,14.3,11.45019245147705
LOBO,kiwi-3.csv,MPHNN,298,16.1,11.39171028137207
LOBO,kiwi-3.csv,MPHNN,299,14.0,11.421164512634277
LOBO,kiwi-3.csv,MPHNN,300,11.0,11.403972625732422
LOBO,kiwi-3.csv,MPHNN,301,14.8,11.44643497467041
LOBO,kiwi-3.csv,MPHNN,302,16.0,11.397345542907715
LOBO,kiwi-3.csv,MPHNN,303,12.0,11.484919548034668
LOBO,kiwi-3.csv,MPHNN,304,12.9,11.505388259887695
LOBO,kiwi-3.csv,MPHNN,305,10.9,11.362895965576172
LOBO,kiwi-3.csv,MPHNN,306,15.0,11.378286361694336
LOBO,kiwi-3.csv,MPHNN,307,10.8,11.444275856018066
LOBO,kiwi-3.csv,MPHNN,308,9.8,11.410553932189941
LOBO,kiwi-3.csv,MPHNN,309,10.1,11.3978271484375
LOBO,kiwi-3.csv,MPHNN,310,10.9,11.47653579711914
LOBO,kiwi-3.csv,MPHNN,311,11.1,11.4736328125
LOBO,kiwi-3.csv,MPHNN,312,13.0,11.406880378723145
LOBO,kiwi-3.csv,MPHNN,313,13.1,11.348652839660645
LOBO,kiwi-3.csv,MPHNN,314,12.0,11.394940376281738
LOBO,kiwi-3.csv,MPHNN,315,11.7,11.421926498413086
LOBO,kiwi-3.csv,MPHNN,316,11.6,11.415315628051758
LOBO,kiwi-3.csv,MPHNN,317,12.2,11.363576889038086
LOBO,kiwi-3.csv,MPHNN,318,11.8,11.473213195800781
LOBO,kiwi-3.csv,MPHNN,319,13.2,11.486369132995605
LOBO,kiwi-3.csv,MPHNN,320,11.4,11.479026794433594
LOBO,kiwi-3.csv,MPHNN,321,13.3,11.458874702453613
LOBO,kiwi-3.csv,MPHNN,322,10.8,11.485584259033203
LOBO,kiwi-3.csv,MPHNN,323,11.4,11.462199211120605
LOBO,kiwi-3.csv,MPHNN,324,10.9,11.424887657165527
LOBO,kiwi-3.csv,MPHNN,325,10.7,11.461560249328613
LOBO,kiwi-3.csv,MPHNN,326,13.4,11.430936813354492
LOBO,kiwi-3.csv,MPHNN,327,11.6,11.387728691101074
LOBO,kiwi-3.csv,MPHNN,328,13.1,11.494295120239258
LOBO,kiwi-3.csv,MPHNN,329,11.4,11.434677124023438
LOBO,kiwi-3.csv,MPHNN,330,11.6,11.387542724609375
LOBO,kiwi-3.csv,MPHNN,331,10.0,11.37265682220459
LOBO,kiwi-3.csv,MPHNN,332,9.8,11.464482307434082
LOBO,kiwi-3.csv,MPHNN,333,11.5,11.360729217529297
LOBO,kiwi-3.csv,MPHNN,334,12.8,11.425178527832031
LOBO,kiwi-3.csv,MPHNN,335,14.3,11.46540641784668
LOBO,kiwi-3.csv,MPHNN,336,12.3,11.440170288085938
LOBO,kiwi-3.csv,MPHNN,337,10.9,11.480077743530273
LOBO,kiwi-3.csv,MPHNN,338,13.2,11.441105842590332
LOBO,kiwi-3.csv,MPHNN,339,11.0,11.40355110168457
LOBO,kiwi-3.csv,MPHNN,340,9.3,11.509795188903809
LOBO,kiwi-3.csv,MPHNN,341,12.0,11.478534698486328
LOBO,kiwi-3.csv,MPHNN,342,11.5,11.496635437011719
LOBO,kiwi-3.csv,MPHNN,343,14.8,11.402253150939941
LOBO,kiwi-3.csv,MPHNN,344,13.8,11.526721954345703
LOBO,kiwi-3.csv,MPHNN,345,12.8,11.495780944824219
LOBO,kiwi-3.csv,MPHNN,346,12.0,11.4378662109375
LOBO,kiwi-3.csv,MPHNN,347,12.4,11.452131271362305
LOBO,kiwi-3.csv,MPHNN,348,13.8,11.53636646270752
LOBO,kiwi-3.csv,MPHNN,349,13.2,11.518330574035645
LOBO,kiwi-3.csv,MPHNN,350,12.3,11.521053314208984
LOBO,kiwi-3.csv,MPHNN,351,12.6,11.470044136047363
LOBO,kiwi-3.csv,MPHNN,352,12.5,11.531914710998535
LOBO,kiwi-3.csv,MPHNN,353,12.9,11.433032989501953
LOBO,kiwi-3.csv,MPHNN,354,13.6,11.514267921447754
LOBO,kiwi-3.csv,MPHNN,355,12.7,11.443934440612793
LOBO,kiwi-3.csv,MPHNN,356,12.5,11.492374420166016
LOBO,kiwi-3.csv,MPHNN,357,12.8,11.460084915161133
LOBO,kiwi-3.csv,MPHNN,358,11.8,11.485879898071289
LOBO,kiwi-3.csv,MPHNN,359,15.2,11.524864196777344
LOBO,kiwi-3.csv,MPHNN,360,12.3,11.443070411682129
LOBO,kiwi-3.csv,MPHNN,361,13.9,11.49403190612793
LOBO,kiwi-3.csv,MPHNN,362,12.7,11.40875244140625
LOBO,kiwi-3.csv,MPHNN,363,12.6,11.457193374633789
LOBO,kiwi-3.csv,MPHNN,364,12.9,11.614370346069336
LOBO,kiwi-3.csv,MPHNN,365,14.6,11.552325248718262
LOBO,kiwi-3.csv,MPHNN,366,10.9,11.421884536743164
LOBO,kiwi-3.csv,MPHNN,367,13.1,11.377655982971191
LOBO,kiwi-3.csv,MPHNN,368,14.0,11.439687728881836
LOBO,kiwi-3.csv,MPHNN,369,12.5,11.464705467224121
LOBO,kiwi-3.csv,MPHNN,370,11.7,11.466530799865723
LOBO,kiwi-3.csv,MPHNN,371,9.2,11.415022850036621
LOBO,kiwi-3.csv,MPHNN,372,10.4,11.436552047729492
LOBO,kiwi-3.csv,MPHNN,373,10.2,11.489363670349121
LOBO,kiwi-3.csv,MPHNN,374,10.7,11.402339935302734
LOBO,kiwi-3.csv,MPHNN,375,10.4,11.4140625
LOBO,kiwi-3.csv,MPHNN,376,11.6,11.51468563079834
LOBO,kiwi-3.csv,MPHNN,377,11.5,11.40704345703125
LOBO,kiwi-3.csv,MPHNN,378,12.8,11.446849822998047
LOBO,kiwi-3.csv,MPHNN,379,10.2,11.441924095153809
LOBO,kiwi-3.csv,MPHNN,380,10.0,11.433616638183594
LOBO,kiwi-3.csv,MPHNN,381,10.6,11.463651657104492
LOBO,kiwi-3.csv,MPHNN,382,10.7,11.466411590576172
LOBO,kiwi-3.csv,MPHNN,383,9.0,11.473285675048828
LOBO,kiwi-3.csv,MPHNN,384,12.4,11.397956848144531
LOBO,kiwi-3.csv,MPHNN,385,11.3,11.4169921875
LOBO,kiwi-3.csv,MPHNN,386,10.6,11.370347023010254
LOBO,kiwi-3.csv,MPHNN,387,10.9,11.341869354248047
LOBO,kiwi-3.csv,MPHNN,388,9.4,11.407073020935059
LOBO,kiwi-3.csv,MPHNN,389,10.7,11.415779113769531
LOBO,kiwi-3.csv,MPHNN,390,11.9,11.43998908996582
LOBO,kiwi-3.csv,MPHNN,391,10.8,11.496265411376953
LOBO,kiwi-3.csv,MPHNN,392,9.5,11.400077819824219
LOBO,kiwi-3.csv,MPHNN,393,12.1,11.42025375366211
LOBO,kiwi-3.csv,MPHNN,394,10.5,11.409345626831055
LOBO,kiwi-3.csv,MPHNN,395,9.7,11.440271377563477
LOBO,kiwi-3.csv,MPHNN,396,10.3,11.346179962158203
LOBO,kiwi-3.csv,MPHNN,397,11.1,11.413180351257324
LOBO,kiwi-3.csv,MPHNN,398,10.7,11.383321762084961
LOBO,kiwi-3.csv,MPHNN,399,8.9,11.4052095413208
LOBO,kiwi-3.csv,MPHNN,400,7.3,11.428250312805176
LOBO,kiwi-3.csv,MPHNN,401,9.1,11.383816719055176
LOBO,kiwi-3.csv,MPHNN,402,8.8,11.37899398803711
LOBO,kiwi-3.csv,MPHNN,403,8.0,11.432779312133789
LOBO,kiwi-3.csv,MPHNN,404,8.1,11.408985137939453
LOBO,kiwi-3.csv,MPHNN,405,7.6,11.389912605285645
LOBO,kiwi-3.csv,MPHNN,406,8.3,11.465127944946289
LOBO,kiwi-3.csv,MPHNN,407,10.4,11.416723251342773
LOBO,kiwi-3.csv,MPHNN,408,9.5,11.421432495117188
LOBO,kiwi-3.csv,MPHNN,409,10.0,11.346120834350586
LOBO,kiwi-3.csv,MPHNN,410,8.9,11.33527946472168
LOBO,kiwi-3.csv,MPHNN,411,9.5,11.362075805664062
LOBO,kiwi-3.csv,MPHNN,412,9.4,11.461137771606445
LOBO,kiwi-3.csv,MPHNN,413,11.3,11.353836059570312
LOBO,kiwi-3.csv,MPHNN,414,9.5,11.383271217346191
LOBO,kiwi-3.csv,MPHNN,415,8.8,11.383171081542969
LOBO,kiwi-3.csv,MPHNN,416,11.0,11.390336990356445
LOBO,kiwi-3.csv,MPHNN,417,9.9,11.336280822753906
LOBO,kiwi-3.csv,MPHNN,418,9.6,11.393974304199219
LOBO,kiwi-3.csv,MPHNN,419,10.2,11.448458671569824
